測站編號,時間,陣風_風速,風速,風向,氣壓,氣溫,海面溫度,示性波高,平均週期,波向,波浪尖峰週期,流速,分層流速{深度:流速},流向,分層流向{深度:流向},流速(節),潮高
StationID,time,Wind_Gust_Speed,Wind_Speed,Wind_Direction,Air_Pressure,Air_Temperature,Sea_Temperature,Wave_Height_Significant,Wave_Mean_Period,Wave_Main_Direction,Wave_Peak_Period,Current_Speed,Current_Speed_Layer,Current_Direction,Current_Direction_Layer,Current_Speed_knot,Tide_Height
,UTC+8,m/s,m/s,degree,hPa,C,C,m,sec,degree,sec,m/s,m/s,degree,degree,knot,m
Vector_WRA_FB_46706A,"2024-04-01 00:00:00",,3.5,279,1011.4,,,0.8,5.6,146,,0.08,,86,,0.16,
Vector_WRA_FB_46706A,"2024-04-01 01:00:00",,4.8,36,1011.2,,,0.8,5.6,123,,0.15,,105,,0.29,
Vector_WRA_FB_46706A,"2024-04-01 02:00:00",,9,42,1011.2,,,1,4.3,67,,0.3,,142,,0.58,
Vector_WRA_FB_46706A,"2024-04-01 03:00:00",,8.2,34,1012,,,0.9,3.9,56,,0.49,,162,,0.95,
Vector_WRA_FB_46706A,"2024-04-01 04:00:00",,4.2,1,1012.9,,,0.8,3.9,101,,0.47,,166,,0.91,
Vector_WRA_FB_46706A,"2024-04-01 05:00:00",,1.1,330,1013.8,,,0.7,5.1,101,,0.3,,168,,0.58,
Vector_WRA_FB_46706A,"2024-04-01 06:00:00",,2,329,1014.3,,,0.7,5.2,101,,0.22,,145,,0.43,
Vector_WRA_FB_46706A,"2024-04-01 07:00:00",,1.7,276,1014.6,,,0.9,6.2,56,,0.17,,173,,0.33,
Vector_WRA_FB_46706A,"2024-04-01 08:00:00",,,,1015.7,,,1,6,45,,0.1,,173,,0.19,
Vector_WRA_FB_46706A,"2024-04-01 09:00:00",,1.5,280,1015.4,,,1.1,6.1,56,,0.13,,310,,0.25,
Vector_WRA_FB_46706A,"2024-04-01 10:00:00",,2.9,6,1015.5,,,1.1,6.3,67,,0.42,,323,,0.82,
Vector_WRA_FB_46706A,"2024-04-01 11:00:00",,1.7,352,1015.3,,,1,6.2,67,,0.29,,314,,0.56,
Vector_WRA_FB_46706A,"2024-04-01 12:00:00",,2.7,43,1014.1,,,0.9,6.1,67,,0.19,,315,,0.37,
Vector_WRA_FB_46706A,"2024-04-01 13:00:00",,3.1,88,1013.3,,,0.9,6,67,,0.1,,340,,0.19,
Vector_WRA_FB_46706A,"2024-04-01 14:00:00",,2.8,107,1012.7,,,1,6.1,67,,0.06,,343,,0.12,
Vector_WRA_FB_46706A,"2024-04-01 15:00:00",,2.8,113,1012.1,,,0.8,5.6,67,,0.1,,72,,0.19,
Vector_WRA_FB_46706A,"2024-04-01 16:00:00",,3.4,143,1012.1,,,0.8,5.7,56,,0.08,,9,,0.16,
Vector_WRA_FB_46706A,"2024-04-01 17:00:00",,2.4,101,1011.7,,,0.7,5.8,67,,0.12,,349,,0.23,
Vector_WRA_FB_46706A,"2024-04-01 18:00:00",,3,135,1012.2,,,0.7,5.7,67,,0.16,,339,,0.31,
Vector_WRA_FB_46706A,"2024-04-01 19:00:00",,2.8,120,1012.1,,,0.8,6.3,67,,0.17,,334,,0.33,
Vector_WRA_FB_46706A,"2024-04-01 20:00:00",,1.2,268,1013.5,,,0.8,5.9,78,,0.1,,345,,0.19,
Vector_WRA_FB_46706A,"2024-04-01 21:00:00",,2,193,1013.1,,,0.8,6.2,78,,0.18,,323,,0.35,
Vector_WRA_FB_46706A,"2024-04-01 22:00:00",,2,179,1013.2,,,0.7,5.7,78,,0.13,,349,,0.25,
Vector_WRA_FB_46706A,"2024-04-01 23:00:00",,2.5,252,1012.5,,,0.7,6.1,78,,0.14,,357,,0.27,
Vector_WRA_FB_46706A,"2024-04-02 00:00:00",,1.9,291,1011.6,,,0.6,5.4,56,,0.12,,85,,0.23,
Vector_WRA_FB_46706A,"2024-04-02 01:00:00",,2.6,290,1011.3,,,0.6,5.5,33,,0.12,,89,,0.23,
Vector_WRA_FB_46706A,"2024-04-02 02:00:00",,2.3,287,1010.8,,,0.6,5.7,56,,0.17,,115,,0.33,
Vector_WRA_FB_46706A,"2024-04-02 03:00:00",,1.6,295,1010.4,,,0.6,5.5,67,,0.24,,124,,0.47,
Vector_WRA_FB_46706A,"2024-04-02 04:00:00",,2.5,312,1010.6,,,0.6,5.7,67,,0.21,,122,,0.41,
Vector_WRA_FB_46706A,"2024-04-02 05:00:00",,1.5,309,1011.3,,,0.5,5.5,90,,0.25,,141,,0.49,
Vector_WRA_FB_46706A,"2024-04-02 06:00:00",,1.6,288,1012.1,,,0.6,5.7,78,,0.26,,150,,0.51,
Vector_WRA_FB_46706A,"2024-04-02 07:00:00",,1.3,313,1012.7,,,0.5,5.4,67,,0.12,,166,,0.23,
Vector_WRA_FB_46706A,"2024-04-02 08:00:00",,1.1,350,1013.2,,,0.5,5.5,90,,0.09,,189,,0.17,
Vector_WRA_FB_46706A,"2024-04-02 09:00:00",,,,1013,,,0.5,5.7,90,,0.05,,288,,0.1,
Vector_WRA_FB_46706A,"2024-04-02 10:00:00",,8,173,1012.5,,,0.5,5.5,101,,0.4,,326,,0.78,
Vector_WRA_FB_46706A,"2024-04-02 11:00:00",,8.6,173,1012.1,,,0.5,5,78,,0.41,,317,,0.8,
Vector_WRA_FB_46706A,"2024-04-02 12:00:00",,7.8,172,1011.2,,,0.5,5,67,,0.39,,330,,0.76,
Vector_WRA_FB_46706A,"2024-04-02 13:00:00",,9.2,173,1010.1,,,0.6,5.3,101,,0.17,,308,,0.33,
Vector_WRA_FB_46706A,"2024-04-02 14:00:00",,9.9,175,1008.8,,,0.7,4.3,112,,0.09,,299,,0.17,
Vector_WRA_FB_46706A,"2024-04-02 15:00:00",,10,176,1007.8,,,0.7,4.6,112,,0.01,,351,,0.02,
Vector_WRA_FB_46706A,"2024-04-02 16:00:00",,8,171,1008,,,0.7,5,101,,0.09,,73,,0.17,
Vector_WRA_FB_46706A,"2024-04-02 17:00:00",,9.3,177,1007.5,,,0.6,4.5,112,,0.1,,79,,0.19,
Vector_WRA_FB_46706A,"2024-04-02 18:00:00",,5.5,180,1008.5,,,0.7,4.7,101,,0.11,,48,,0.21,
Vector_WRA_FB_46706A,"2024-04-02 19:00:00",,4.2,180,1008.6,,,0.6,4.2,123,,0.1,,37,,0.19,
Vector_WRA_FB_46706A,"2024-04-02 20:00:00",,1.7,206,1008.6,,,0.6,4.6,101,,0.22,,349,,0.43,
Vector_WRA_FB_46706A,"2024-04-02 21:00:00",,1.3,167,1009.1,,,0.5,5.3,101,,0.18,,323,,0.35,
Vector_WRA_FB_46706A,"2024-04-02 22:00:00",,,,1009.2,,,0.5,5.5,90,,0.17,,341,,0.33,
Vector_WRA_FB_46706A,"2024-04-02 23:00:00",,1.8,305,1009.4,,,0.4,5.2,112,,0.11,,346,,0.21,
Vector_WRA_FB_46706A,"2024-04-03 00:00:00",,,,1009.6,,,0.6,5.6,112,,0.19,,1,,0.37,
Vector_WRA_FB_46706A,"2024-04-03 01:00:00",,,,1009.1,,,0.7,5.1,101,,0.07,,109,,0.14,
Vector_WRA_FB_46706A,"2024-04-03 02:00:00",,2.2,339,1008.9,,,0.7,4.7,135,,0.14,,116,,0.27,
Vector_WRA_FB_46706A,"2024-04-03 03:00:00",,1.8,317,1008.6,,,0.9,5,135,,0.26,,139,,0.51,
Vector_WRA_FB_46706A,"2024-04-03 04:00:00",,,,1008.9,,,0.8,5.1,123,,0.38,,138,,0.74,
Vector_WRA_FB_46706A,"2024-04-03 05:00:00",,1.3,261,1009.6,,,0.7,5.2,123,,0.41,,142,,0.8,
Vector_WRA_FB_46706A,"2024-04-03 06:00:00",,1.3,257,1010.7,,,0.9,5.4,123,,0.46,,157,,0.89,
Vector_WRA_FB_46706A,"2024-04-03 07:00:00",,1.3,154,1011.1,,,0.8,5.2,123,,0.38,,156,,0.74,
Vector_WRA_FB_46706A,"2024-04-03 08:00:00",,2.1,20,1011.9,,,0.7,4.9,112,,0.42,,167,,0.82,
Vector_WRA_FB_46706A,"2024-04-03 09:00:00",,,,1012.7,,,0.7,4.7,123,,0.34,,162,,0.66,
Vector_WRA_FB_46706A,"2024-04-03 10:00:00",,1.5,96,1012,,,0.7,4.6,101,,0.19,,155,,0.37,
Vector_WRA_FB_46706A,"2024-04-03 11:00:00",,1.7,57,1011.5,,,0.6,5,123,,0.14,,262,,0.27,
Vector_WRA_FB_46706A,"2024-04-03 12:00:00",,3.2,142,1009.9,,,0.5,5.5,112,,0.21,,289,,0.41,
Vector_WRA_FB_46706A,"2024-04-03 13:00:00",,6.3,154,1008.5,,,0.5,5.3,123,,0.36,,307,,0.7,
Vector_WRA_FB_46706A,"2024-04-03 14:00:00",,6,153,1007.7,,,0.7,5.5,123,,0.28,,309,,0.54,
Vector_WRA_FB_46706A,"2024-04-03 15:00:00",,5.7,157,1007.1,,,0.9,6,123,,0.12,,255,,0.23,
Vector_WRA_FB_46706A,"2024-04-03 16:00:00",,5.6,168,1007.2,,,0.8,4.9,123,,0.1,,152,,0.19,
Vector_WRA_FB_46706A,"2024-04-03 17:00:00",,3.6,168,1007.9,,,0.8,5.1,135,,0.09,,128,,0.17,
Vector_WRA_FB_46706A,"2024-04-03 18:00:00",,3.1,169,1008.5,,,0.7,5.2,135,,0.12,,106,,0.23,
Vector_WRA_FB_46706A,"2024-04-03 19:00:00",,1.9,2,1009.4,,,0.8,5.5,135,,0.13,,100,,0.25,
Vector_WRA_FB_46706A,"2024-04-03 20:00:00",,2.2,314,1010.3,,,0.7,5.4,146,,0.11,,137,,0.21,
Vector_WRA_FB_46706A,"2024-04-03 21:00:00",,1.8,42,1010.9,,,0.7,5.2,123,,0.12,,165,,0.23,
Vector_WRA_FB_46706A,"2024-04-03 22:00:00",,,,1010.9,,,0.7,5.2,101,,0.17,,147,,0.33,
Vector_WRA_FB_46706A,"2024-04-03 23:00:00",,1.6,315,1011.5,,,0.7,5.5,112,,0.15,,151,,0.29,
Vector_WRA_FB_46706A,"2024-04-04 00:00:00",,1.4,268,1011.8,,,0.7,5.7,101,,0.14,,152,,0.27,
Vector_WRA_FB_46706A,"2024-04-04 01:00:00",,1.7,257,1011.3,,,0.8,5.8,123,,0.13,,157,,0.25,
Vector_WRA_FB_46706A,"2024-04-04 02:00:00",,1.1,331,1011.1,,,0.7,5.5,112,,0.21,,162,,0.41,
Vector_WRA_FB_46706A,"2024-04-04 03:00:00",,1.3,131,1010.6,,,0.6,5.4,112,,0.2,,158,,0.39,
Vector_WRA_FB_46706A,"2024-04-04 04:00:00",,1.4,209,1010.9,,,0.7,5.9,101,,0.25,,164,,0.49,
Vector_WRA_FB_46706A,"2024-04-04 05:00:00",,2.1,14,1011.3,,,0.6,5.4,123,,0.35,,163,,0.68,
Vector_WRA_FB_46706A,"2024-04-04 06:00:00",,2.5,29,1011.7,,,0.6,5.5,112,,0.34,,161,,0.66,
Vector_WRA_FB_46706A,"2024-04-04 07:00:00",,1.7,10,1012.8,,,0.7,5.6,123,,0.39,,147,,0.76,
Vector_WRA_FB_46706A,"2024-04-04 08:00:00",,2.1,297,1013.4,,,0.6,5.3,112,,0.34,,145,,0.66,
Vector_WRA_FB_46706A,"2024-04-04 09:00:00",,2.8,34,1013.7,,,0.6,5.3,112,,0.52,,163,,1.01,
Vector_WRA_FB_46706A,"2024-04-04 10:00:00",,2.2,53,1013.5,,,0.6,5,112,,0.34,,163,,0.66,
Vector_WRA_FB_46706A,"2024-04-04 11:00:00",,3.1,62,1012.8,,,0.6,4.9,90,,0.2,,141,,0.39,
Vector_WRA_FB_46706A,"2024-04-04 12:00:00",,,,1012.4,,,0.5,4.7,135,,0.07,,152,,0.14,
Vector_WRA_FB_46706A,"2024-04-04 13:00:00",,1.5,4,1011.8,,,0.6,5.3,135,,0.07,,340,,0.14,
Vector_WRA_FB_46706A,"2024-04-04 14:00:00",,1.4,335,1010.9,,,0.5,4.9,123,,0.38,,315,,0.74,
Vector_WRA_FB_46706A,"2024-04-04 15:00:00",,,,1010.7,,,0.6,4.9,123,,0.3,,325,,0.58,
Vector_WRA_FB_46706A,"2024-04-04 16:00:00",,5.2,43,1010.5,,,0.5,4.6,123,,0.17,,320,,0.33,
Vector_WRA_FB_46706A,"2024-04-04 17:00:00",,6.9,32,1011,,,0.7,3.9,56,,0.09,,340,,0.17,
Vector_WRA_FB_46706A,"2024-04-04 18:00:00",,1.6,24,1011.5,,,0.8,4.4,45,,0.07,,269,,0.14,
Vector_WRA_FB_46706A,"2024-04-04 19:00:00",,3.6,33,1012.1,,,0.6,4.7,78,,0.1,,216,,0.19,
Vector_WRA_FB_46706A,"2024-04-04 20:00:00",,2.4,315,1012.8,,,0.6,4.6,45,,0.09,,183,,0.17,
Vector_WRA_FB_46706A,"2024-04-04 21:00:00",,2.8,291,1013.4,,,0.6,4.3,45,,0.18,,157,,0.35,
Vector_WRA_FB_46706A,"2024-04-04 22:00:00",,3.8,301,1014,,,0.6,4.9,67,,0.21,,140,,0.41,
Vector_WRA_FB_46706A,"2024-04-04 23:00:00",,3.2,301,1014.9,,,0.6,5.1,78,,0.27,,160,,0.52,
Vector_WRA_FB_46706A,"2024-04-05 00:00:00",,10.2,33,1015.5,,,0.8,4.1,33,,0.24,,169,,0.47,
Vector_WRA_FB_46706A,"2024-04-05 01:00:00",,10.1,30,1014.9,,,1.4,4.2,45,,0.25,,184,,0.49,
Vector_WRA_FB_46706A,"2024-04-05 02:00:00",,8.2,46,1013.4,,,1.2,4.2,33,,0.12,,209,,0.23,
Vector_WRA_FB_46706A,"2024-04-05 03:00:00",,5.4,39,1013.7,,,0.9,4.3,56,,0.14,,162,,0.27,
Vector_WRA_FB_46706A,"2024-04-05 04:00:00",,3.2,62,1012.5,,,1,4.8,56,,0.08,,168,,0.16,
Vector_WRA_FB_46706A,"2024-04-05 05:00:00",,4.9,35,1013.3,,,0.7,5,45,,0.16,,163,,0.31,
Vector_WRA_FB_46706A,"2024-04-05 06:00:00",,6.1,34,1013.8,,,0.8,4.7,33,,0.22,,144,,0.43,
Vector_WRA_FB_46706A,"2024-04-05 07:00:00",,6.6,28,1014.5,,,0.9,4.9,33,,0.39,,147,,0.76,
Vector_WRA_FB_46706A,"2024-04-05 08:00:00",,4.9,19,1015.1,,,0.8,4.8,67,,0.42,,144,,0.82,
Vector_WRA_FB_46706A,"2024-04-05 09:00:00",,6.4,15,1015.8,,,0.9,4.8,67,,0.39,,144,,0.76,
Vector_WRA_FB_46706A,"2024-04-05 10:00:00",,7.8,31,1016.2,,,1,4.5,90,,0.47,,147,,0.91,
Vector_WRA_FB_46706A,"2024-04-05 11:00:00",,8.1,38,1015.9,,,1.2,4.7,45,,0.34,,128,,0.66,
Vector_WRA_FB_46706A,"2024-04-05 12:00:00",,5.6,40,1015.1,,,1,5.4,67,,0.35,,151,,0.68,
Vector_WRA_FB_46706A,"2024-04-05 13:00:00",,6.7,35,1014.7,,,1.1,5.3,45,,0.24,,177,,0.47,
Vector_WRA_FB_46706A,"2024-04-05 14:00:00",,5.2,31,1013.9,,,1.2,5.7,56,,0.06,,242,,0.12,
Vector_WRA_FB_46706A,"2024-04-05 15:00:00",,4.6,28,1013.8,,,1,5.6,78,,0.27,,329,,0.52,
Vector_WRA_FB_46706A,"2024-04-05 16:00:00",,4,342,1014.1,,,1,5.8,67,,0.3,,321,,0.58,
Vector_WRA_FB_46706A,"2024-04-05 17:00:00",,5.5,3,1014.5,,,0.9,5.6,45,,0.09,,336,,0.17,
Vector_WRA_FB_46706A,"2024-04-05 18:00:00",,5.8,12,1015.2,,,1,5.7,33,,0.05,,151,,0.1,
Vector_WRA_FB_46706A,"2024-04-05 19:00:00",,6.2,18,1015.5,,,0.9,5.6,33,,0.11,,118,,0.21,
Vector_WRA_FB_46706A,"2024-04-05 20:00:00",,4.8,32,1016.2,,,1.1,5.7,33,,0.24,,123,,0.47,
Vector_WRA_FB_46706A,"2024-04-05 21:00:00",,5.3,40,1016.5,,,1.2,5.7,45,,0.32,,137,,0.62,
Vector_WRA_FB_46706A,"2024-04-05 22:00:00",,3.7,23,1016.7,,,1.2,5.7,45,,0.26,,148,,0.51,
Vector_WRA_FB_46706A,"2024-04-05 23:00:00",,3.2,20,1016.6,,,1.2,5.9,45,,0.27,,137,,0.52,
Vector_WRA_FB_46706A,"2024-04-06 00:00:00",,3,321,1016.4,,,1.1,6.1,56,,0.31,,143,,0.6,
Vector_WRA_FB_46706A,"2024-04-06 01:00:00",,3.9,289,1016.2,,,1.1,6.2,33,,0.18,,160,,0.35,
Vector_WRA_FB_46706A,"2024-04-06 02:00:00",,3.1,322,1015.6,,,1.3,6.7,33,,0.08,,169,,0.16,
Vector_WRA_FB_46706A,"2024-04-06 03:00:00",,3.2,332,1015.2,,,1.1,6.5,45,,0.06,,236,,0.12,
Vector_WRA_FB_46706A,"2024-04-06 04:00:00",,1.7,278,1015.1,,,1.2,6.9,56,,0.05,,288,,0.1,
Vector_WRA_FB_46706A,"2024-04-06 05:00:00",,1.5,339,1015,,,1,6.5,56,,0.13,,337,,0.25,
Vector_WRA_FB_46706A,"2024-04-06 06:00:00",,3,279,1015.2,,,0.9,6.1,33,,0.09,,59,,0.17,
Vector_WRA_FB_46706A,"2024-04-06 07:00:00",,2.3,301,1015.8,,,1,6.3,45,,0.1,,87,,0.19,
Vector_WRA_FB_46706A,"2024-04-06 08:00:00",,1.1,327,1016.1,,,1,6.3,45,,0.25,,133,,0.49,
Vector_WRA_FB_46706A,"2024-04-06 09:00:00",,2.1,356,1016.1,,,1,6.1,45,,0.35,,136,,0.68,
Vector_WRA_FB_46706A,"2024-04-06 10:00:00",,2.1,326,1016.3,,,0.9,5.6,56,,0.38,,146,,0.74,
Vector_WRA_FB_46706A,"2024-04-06 11:00:00",,2.6,316,1016.1,,,0.9,5.9,56,,0.33,,164,,0.64,
Vector_WRA_FB_46706A,"2024-04-06 12:00:00",,4.1,283,1015.4,,,0.9,5.7,67,,0.16,,159,,0.31,
Vector_WRA_FB_46706A,"2024-04-06 13:00:00",,3,294,1014.6,,,0.8,5.9,56,,0.13,,289,,0.25,
Vector_WRA_FB_46706A,"2024-04-06 14:00:00",,2.6,315,1013.8,,,0.8,6.2,67,,0.26,,301,,0.51,
Vector_WRA_FB_46706A,"2024-04-06 15:00:00",,1.7,308,1013.8,,,0.8,6.5,67,,0.5,,307,,0.97,
Vector_WRA_FB_46706A,"2024-04-06 16:00:00",,1.8,5,1013.1,,,0.7,6.4,67,,0.42,,313,,0.82,
Vector_WRA_FB_46706A,"2024-04-06 17:00:00",,3,4,1013.2,,,0.7,6.1,67,,0.11,,258,,0.21,
Vector_WRA_FB_46706A,"2024-04-06 18:00:00",,2.9,13,1013.7,,,0.8,6.3,67,,0.17,,149,,0.33,
Vector_WRA_FB_46706A,"2024-04-06 19:00:00",,3.3,8,1013.7,,,0.7,5.8,45,,0.19,,136,,0.37,
Vector_WRA_FB_46706A,"2024-04-06 20:00:00",,2.3,316,1014.2,,,0.7,5.8,33,,0.17,,121,,0.33,
Vector_WRA_FB_46706A,"2024-04-06 21:00:00",,,,1005.4,,,0.7,5.9,33,,0.16,,114,,0.31,
Vector_WRA_FB_46706A,"2024-04-06 22:00:00",,2,17,1014.6,,,0.7,5.8,33,,0.19,,165,,0.37,
Vector_WRA_FB_46706A,"2024-04-06 23:00:00",,3.8,30,1014.4,,,0.8,6,45,,0.33,,149,,0.64,
Vector_WRA_FB_46706A,"2024-04-07 00:00:00",,6,39,1013.9,,,1,5.9,67,,0.4,,161,,0.78,
Vector_WRA_FB_46706A,"2024-04-07 01:00:00",,4.3,6,1013.4,,,1.1,5.8,67,,0.32,,156,,0.62,
Vector_WRA_FB_46706A,"2024-04-07 02:00:00",,4.3,350,1012.9,,,1,5.7,45,,0.19,,185,,0.37,
Vector_WRA_FB_46706A,"2024-04-07 03:00:00",,4.2,357,1012.3,,,0.9,5.6,56,,0.18,,250,,0.35,
Vector_WRA_FB_46706A,"2024-04-07 04:00:00",,4.2,276,1012.6,,,0.9,5.7,67,,0.16,,291,,0.31,
Vector_WRA_FB_46706A,"2024-04-07 05:00:00",,2.7,313,1011.5,,,0.8,6,78,,0.22,,321,,0.43,
Vector_WRA_FB_46706A,"2024-04-07 06:00:00",,3.1,324,1012.6,,,0.8,5.9,45,,0.03,,353,,0.06,
Vector_WRA_FB_46706A,"2024-04-07 07:00:00",,3.2,282,1013.4,,,0.9,5.7,78,,0.03,,11,,0.06,
Vector_WRA_FB_46706A,"2024-04-07 08:00:00",,2,352,1013.5,,,0.9,5.9,67,,0.06,,123,,0.12,
Vector_WRA_FB_46706A,"2024-04-07 09:00:00",,3.5,9,1014.2,,,0.9,5.6,56,,0.17,,132,,0.33,
Vector_WRA_FB_46706A,"2024-04-07 10:00:00",,4.5,29,1014,,,1,5.5,45,,0.28,,134,,0.54,
Vector_WRA_FB_46706A,"2024-04-07 11:00:00",,5.7,27,1013.5,,,0.9,5.1,56,,0.34,,153,,0.66,
Vector_WRA_FB_46706A,"2024-04-07 12:00:00",,3.7,347,1012.8,,,1,5.3,78,,0.25,,139,,0.49,
Vector_WRA_FB_46706A,"2024-04-07 13:00:00",,2.7,278,1012.1,,,1,5.3,45,,0.42,,179,,0.82,
Vector_WRA_FB_46706A,"2024-04-07 14:00:00",,3.1,278,1011.3,,,1,5.1,56,,0.19,,222,,0.37,
Vector_WRA_FB_46706A,"2024-04-07 15:00:00",,2.9,293,1010.8,,,1,5.5,78,,0.23,,275,,0.45,
Vector_WRA_FB_46706A,"2024-04-07 16:00:00",,2.2,2,1010.9,,,1,5.8,78,,0.48,,312,,0.93,
Vector_WRA_FB_46706A,"2024-04-07 17:00:00",,4.5,25,1011,,,1,5.6,67,,0.4,,319,,0.78,
Vector_WRA_FB_46706A,"2024-04-07 18:00:00",,1.7,24,1011.3,,,1,5.9,56,,0.14,,244,,0.27,
Vector_WRA_FB_46706A,"2024-04-07 19:00:00",,1.7,289,1011.6,,,1,5.5,45,,0.13,,149,,0.25,
Vector_WRA_FB_46706A,"2024-04-07 20:00:00",,2.7,286,1012.5,,,1,5.8,33,,0.22,,122,,0.43,
Vector_WRA_FB_46706A,"2024-04-07 21:00:00",,2.3,284,1012.5,,,0.9,5.7,45,,0.27,,123,,0.52,
Vector_WRA_FB_46706A,"2024-04-07 22:00:00",,2.7,295,1012.6,,,0.9,5.3,45,,0.37,,128,,0.72,
Vector_WRA_FB_46706A,"2024-04-07 23:00:00",,2.4,304,1012.5,,,1,5.5,45,,0.49,,134,,0.95,
Vector_WRA_FB_46706A,"2024-04-08 00:00:00",,2.8,293,1012.4,,,0.9,5.5,45,,0.59,,149,,1.15,
Vector_WRA_FB_46706A,"2024-04-08 01:00:00",,3.3,289,1011.3,,,0.8,5.3,56,,0.54,,146,,1.05,
Vector_WRA_FB_46706A,"2024-04-08 02:00:00",,3.3,294,1010.9,,,0.8,5.4,67,,0.21,,123,,0.41,
Vector_WRA_FB_46706A,"2024-04-08 03:00:00",,3.9,291,1010.3,,,0.8,5.5,78,,0.11,,35,,0.21,
Vector_WRA_FB_46706A,"2024-04-08 04:00:00",,1.8,298,1009.9,,,0.8,5.8,78,,0.36,,354,,0.7,
Vector_WRA_FB_46706A,"2024-04-08 05:00:00",,3.5,300,1010.5,,,0.7,6,78,,0.38,,325,,0.74,
Vector_WRA_FB_46706A,"2024-04-08 06:00:00",,2.7,296,1010.7,,,0.7,6.1,67,,0.07,,336,,0.14,
Vector_WRA_FB_46706A,"2024-04-08 07:00:00",,1.4,302,1010.9,,,0.7,5.8,56,,0.05,,32,,0.1,
Vector_WRA_FB_46706A,"2024-04-08 08:00:00",,3.9,24,1011.4,,,0.7,5.6,56,,0.04,,86,,0.08,
Vector_WRA_FB_46706A,"2024-04-08 09:00:00",,5.4,19,1012.1,,,0.7,5,45,,0.17,,149,,0.33,
Vector_WRA_FB_46706A,"2024-04-08 10:00:00",,4,38,1012.5,,,0.8,5.3,45,,0.21,,137,,0.41,
Vector_WRA_FB_46706A,"2024-04-08 11:00:00",,5.7,43,1012.4,,,0.7,4.8,56,,0.43,,151,,0.84,
Vector_WRA_FB_46706A,"2024-04-08 12:00:00",,6.2,50,1011.7,,,0.8,5,67,,0.37,,166,,0.72,
Vector_WRA_FB_46706A,"2024-04-08 13:00:00",,4.7,50,1011.4,,,1,5.2,45,,0.35,,159,,0.68,
Vector_WRA_FB_46706A,"2024-04-08 14:00:00",,3.8,62,1010.1,,,1,5,78,,0.18,,137,,0.35,
Vector_WRA_FB_46706A,"2024-04-08 15:00:00",,5.5,64,1009.4,,,0.9,4.9,67,,0.09,,356,,0.17,
Vector_WRA_FB_46706A,"2024-04-08 16:00:00",,2.9,35,1009.5,,,0.7,4.7,45,,0.26,,320,,0.51,
Vector_WRA_FB_46706A,"2024-04-08 17:00:00",,6.7,26,1010.1,,,0.8,4.7,78,,0.36,,327,,0.7,
Vector_WRA_FB_46706A,"2024-04-08 18:00:00",,8.5,45,1010.6,,,0.9,4.5,56,,0.34,,323,,0.66,
Vector_WRA_FB_46706A,"2024-04-08 19:00:00",,9.4,45,1011.2,,,1.2,4.8,45,,0.09,,325,,0.17,
Vector_WRA_FB_46706A,"2024-04-08 20:00:00",,10.4,42,1012.5,,,1.3,4.7,45,,0.14,,219,,0.27,
Vector_WRA_FB_46706A,"2024-04-08 21:00:00",,12.1,39,1013.4,,,1.3,4.4,45,,0.26,,199,,0.51,
Vector_WRA_FB_46706A,"2024-04-08 22:00:00",,11.7,34,1014.5,,,1.6,4.4,22,,0.27,,184,,0.52,
Vector_WRA_FB_46706A,"2024-04-08 23:00:00",,9.9,27,1015.8,,,1.5,4.5,11,,0.57,,159,,1.11,
Vector_WRA_FB_46706A,"2024-04-09 00:00:00",,10.4,28,1015.4,,,1.4,4.6,67,,0.87,,150,,1.69,
Vector_WRA_FB_46706A,"2024-04-09 01:00:00",,9.7,21,1015,,,1.3,4.4,45,,0.62,,157,,1.21,
Vector_WRA_FB_46706A,"2024-04-09 02:00:00",,10,19,1014.8,,,1.3,4.7,45,,0.42,,170,,0.82,
Vector_WRA_FB_46706A,"2024-04-09 03:00:00",,8.4,24,1014.8,,,1.2,4.6,45,,0.19,,214,,0.37,
Vector_WRA_FB_46706A,"2024-04-09 04:00:00",,9.4,30,1014.2,,,1.5,5.1,56,,0.15,,287,,0.29,
Vector_WRA_FB_46706A,"2024-04-09 05:00:00",,8.2,22,1014.8,,,1.5,5.2,45,,0.29,,296,,0.56,
Vector_WRA_FB_46706A,"2024-04-09 06:00:00",,8.3,19,1015.7,,,1.5,5.2,56,,0.24,,303,,0.47,
Vector_WRA_FB_46706A,"2024-04-09 07:00:00",,8.1,20,1016.9,,,1.2,5.1,56,,0.29,,291,,0.56,
Vector_WRA_FB_46706A,"2024-04-09 08:00:00",,8,17,1017.7,,,1,4.8,33,,0.09,,264,,0.17,
Vector_WRA_FB_46706A,"2024-04-09 09:00:00",,7.9,6,1018.2,,,1,4.8,45,,0.07,,203,,0.14,
Vector_WRA_FB_46706A,"2024-04-09 10:00:00",,6.5,4,1019.2,,,1,5,45,,0.22,,163,,0.43,
Vector_WRA_FB_46706A,"2024-04-09 11:00:00",,7.6,4,1019.4,,,1,4.8,56,,0.39,,146,,0.76,
Vector_WRA_FB_46706A,"2024-04-09 12:00:00",,7.3,2,1019.3,,,1.1,5.1,45,,0.48,,151,,0.93,
Vector_WRA_FB_46706A,"2024-04-09 13:00:00",,7.6,14,1018.8,,,1.3,5.3,45,,0.47,,152,,0.91,
Vector_WRA_FB_46706A,"2024-04-09 14:00:00",,7.1,8,1018.7,,,1.4,5.4,56,,0.41,,155,,0.8,
Vector_WRA_FB_46706A,"2024-04-09 15:00:00",,7.3,9,1018.5,,,1.4,5.3,33,,0.21,,158,,0.41,
Vector_WRA_FB_46706A,"2024-04-09 16:00:00",,7.7,4,1018.3,,,1.4,5.2,33,,0.03,,320,,0.06,
Vector_WRA_FB_46706A,"2024-04-09 17:00:00",,6.9,14,1018.6,,,1.2,4.9,67,,0.19,,327,,0.37,
Vector_WRA_FB_46706A,"2024-04-09 18:00:00",,5.5,10,1019,,,1.2,5.2,67,,0.23,,322,,0.45,
Vector_WRA_FB_46706A,"2024-04-09 19:00:00",,5.1,263,1019.1,,,1.4,5.6,67,,0.3,,310,,0.58,
Vector_WRA_FB_46706A,"2024-04-09 20:00:00",,4.8,281,1019.5,,,1.2,5.8,67,,0.1,,285,,0.19,
Vector_WRA_FB_46706A,"2024-04-09 21:00:00",,3.8,291,1020.3,,,1.5,6.3,56,,0.12,,139,,0.23,
Vector_WRA_FB_46706A,"2024-04-09 22:00:00",,3.6,296,1020.1,,,1.2,6,45,,0.25,,155,,0.49,
Vector_WRA_FB_46706A,"2024-04-09 23:00:00",,4.2,311,1019.6,,,1.3,6.3,45,,0.32,,153,,0.62,
Vector_WRA_FB_46706A,"2024-04-10 00:00:00",,4.2,301,1018.8,,,1.4,6.6,45,,0.45,,136,,0.87,
Vector_WRA_FB_46706A,"2024-04-10 01:00:00",,3.7,293,1017.8,,,1.5,7,45,,0.46,,148,,0.89,
Vector_WRA_FB_46706A,"2024-04-10 02:00:00",,4.2,291,1017.3,,,1.4,6.6,56,,0.53,,160,,1.03,
Vector_WRA_FB_46706A,"2024-04-10 03:00:00",,3.5,288,1017.1,,,1.4,7.1,33,,0.21,,179,,0.41,
Vector_WRA_FB_46706A,"2024-04-10 04:00:00",,,,1017.6,,,1.4,6.8,67,,0.1,,254,,0.19,
Vector_WRA_FB_46706A,"2024-04-10 05:00:00",,2.7,295,1017.6,,,1.6,7.2,67,,0.25,,329,,0.49,
Vector_WRA_FB_46706A,"2024-04-10 06:00:00",,5.6,288,1017.8,,,1.4,7.3,67,,0.32,,337,,0.62,
Vector_WRA_FB_46706A,"2024-04-10 07:00:00",,4.8,288,1018.4,,,1.4,7.4,67,,0.28,,298,,0.54,
Vector_WRA_FB_46706A,"2024-04-10 08:00:00",,4.1,292,1018.8,,,1.3,6.9,56,,0.1,,287,,0.19,
Vector_WRA_FB_46706A,"2024-04-10 09:00:00",,3.9,296,1019.2,,,1.5,7.2,56,,0.06,,109,,0.12,
Vector_WRA_FB_46706A,"2024-04-10 10:00:00",,3,316,1019.2,,,1.5,6.9,56,,0.12,,139,,0.23,
Vector_WRA_FB_46706A,"2024-04-10 11:00:00",,2.4,301,1019.1,,,1.9,7.4,45,,0.19,,140,,0.37,
Vector_WRA_FB_46706A,"2024-04-10 12:00:00",,1.8,288,1018.7,,,1.7,7,45,,0.29,,150,,0.56,
Vector_WRA_FB_46706A,"2024-04-10 13:00:00",,3.5,350,1018,,,1.8,7.2,45,,0.37,,148,,0.72,
Vector_WRA_FB_46706A,"2024-04-10 14:00:00",,2.1,349,1017.5,,,1.7,7.1,45,,0.36,,154,,0.7,
Vector_WRA_FB_46706A,"2024-04-10 15:00:00",,2.8,342,1016.8,,,1.7,6.8,45,,0.27,,181,,0.52,
Vector_WRA_FB_46706A,"2024-04-10 16:00:00",,3.2,342,1016.7,,,1.5,7.1,45,,0.16,,223,,0.31,
Vector_WRA_FB_46706A,"2024-04-10 17:00:00",,2.6,296,1016.5,,,1.7,7,67,,0.14,,294,,0.27,
Vector_WRA_FB_46706A,"2024-04-10 18:00:00",,3.6,289,1016.6,,,1.7,7.6,78,,0.25,,309,,0.49,
Vector_WRA_FB_46706A,"2024-04-10 19:00:00",,2.5,280,1016.9,,,1.5,7.3,67,,0.36,,307,,0.7,
Vector_WRA_FB_46706A,"2024-04-10 20:00:00",,2.6,291,1017.2,,,1.7,8,67,,0.13,,351,,0.25,
Vector_WRA_FB_46706A,"2024-04-10 21:00:00",,2.9,299,1017.8,,,1.6,7.3,67,,0.04,,72,,0.08,
Vector_WRA_FB_46706A,"2024-04-10 22:00:00",,2.3,279,1017.8,,,1.4,6.8,33,,0.16,,123,,0.31,
Vector_WRA_FB_46706A,"2024-04-10 23:00:00",,1.4,281,1017.6,,,1.3,6.3,45,,0.26,,133,,0.51,
Vector_WRA_FB_46706A,"2024-04-11 00:00:00",,1.2,292,1016.9,,,1.5,6.6,45,,0.39,,144,,0.76,
Vector_WRA_FB_46706A,"2024-04-11 01:00:00",,3,313,1016.4,,,1.5,6.5,45,,0.51,,152,,0.99,
Vector_WRA_FB_46706A,"2024-04-11 02:00:00",,2.5,296,1015.8,,,1.3,6.4,45,,0.55,,160,,1.07,
Vector_WRA_FB_46706A,"2024-04-11 03:00:00",,2.4,321,1015.4,,,1.5,6.7,45,,0.34,,164,,0.66,
Vector_WRA_FB_46706A,"2024-04-11 04:00:00",,2.5,302,1015.6,,,1.4,6.3,45,,0.21,,156,,0.41,
Vector_WRA_FB_46706A,"2024-04-11 05:00:00",,2.6,295,1015.6,,,1.3,6.3,56,,0.08,,154,,0.16,
Vector_WRA_FB_46706A,"2024-04-11 06:00:00",,3.2,285,1015.9,,,1.1,6.1,67,,0.09,,270,,0.17,
Vector_WRA_FB_46706A,"2024-04-11 07:00:00",,2.5,277,1016.3,,,1.1,6.5,78,,0.23,,328,,0.45,
Vector_WRA_FB_46706A,"2024-04-11 08:00:00",,1.6,304,1016.6,,,1.1,6.8,67,,0.35,,317,,0.68,
Vector_WRA_FB_46706A,"2024-04-11 09:00:00",,2.1,341,1017,,,1,6.3,56,,0.02,,340,,0.04,
Vector_WRA_FB_46706A,"2024-04-11 10:00:00",,,,1016.9,,,1.1,6.5,56,,0.08,,155,,0.16,
Vector_WRA_FB_46706A,"2024-04-11 11:00:00",,1.5,132,1016.6,,,1.1,6.7,56,,0.12,,165,,0.23,
Vector_WRA_FB_46706A,"2024-04-11 12:00:00",,1.7,127,1016.1,,,1.1,6.3,56,,0.14,,156,,0.27,
Vector_WRA_FB_46706A,"2024-04-11 13:00:00",,2.6,134,1015.4,,,1.1,6.9,56,,0.2,,136,,0.39,
Vector_WRA_FB_46706A,"2024-04-11 14:00:00",,2.9,111,1014.7,,,1,6,56,,0.33,,136,,0.64,
Vector_WRA_FB_46706A,"2024-04-11 15:00:00",,2.5,132,1014.2,,,1.1,6.5,67,,0.33,,150,,0.64,
Vector_WRA_FB_46706A,"2024-04-11 16:00:00",,2.6,149,1014,,,1.1,6.2,45,,0.23,,154,,0.45,
Vector_WRA_FB_46706A,"2024-04-11 17:00:00",,3.2,154,1014.1,,,1.1,6,67,,0.03,,54,,0.06,
Vector_WRA_FB_46706A,"2024-04-11 18:00:00",,3.5,163,1014.4,,,0.9,6.5,90,,0.25,,335,,0.49,
Vector_WRA_FB_46706A,"2024-04-11 19:00:00",,3.9,175,1014.4,,,1,6.8,90,,0.2,,317,,0.39,
Vector_WRA_FB_46706A,"2024-04-11 20:00:00",,2.2,265,1014.7,,,1,6.8,78,,0.09,,303,,0.17,
Vector_WRA_FB_46706A,"2024-04-11 21:00:00",,2,268,1015.6,,,1,6.8,56,,0.1,,133,,0.19,
Vector_WRA_FB_46706A,"2024-04-11 22:00:00",,1.8,284,1015.6,,,0.9,6.3,56,,0.24,,128,,0.47,
Vector_WRA_FB_46706A,"2024-04-11 23:00:00",,1.2,269,1015.4,,,1,6.8,45,,0.36,,130,,0.7,
Vector_WRA_FB_46706A,"2024-04-12 00:00:00",,1.4,291,1014.7,,,0.9,6.1,45,,0.57,,139,,1.11,
Vector_WRA_FB_46706A,"2024-04-12 01:00:00",,,,1013.3,,,0.9,5.8,56,,0.66,,150,,1.28,
Vector_WRA_FB_46706A,"2024-04-12 02:00:00",,3.2,281,1013.3,,,0.9,6.1,78,,0.72,,154,,1.4,
Vector_WRA_FB_46706A,"2024-04-12 03:00:00",,1.8,217,1013.1,,,0.8,6.1,67,,0.67,,151,,1.3,
Vector_WRA_FB_46706A,"2024-04-12 04:00:00",,3.1,309,1013,,,0.9,6.2,56,,0.4,,142,,0.78,
Vector_WRA_FB_46706A,"2024-04-12 05:00:00",,,,1013.1,,,0.9,6,78,,0.3,,161,,0.58,
Vector_WRA_FB_46706A,"2024-04-12 06:00:00",,2.1,312,1013.1,,,0.9,6.3,67,,0.11,,187,,0.21,
Vector_WRA_FB_46706A,"2024-04-12 07:00:00",,1.6,275,1013.6,,,0.8,6.6,78,,0.09,,271,,0.17,
Vector_WRA_FB_46706A,"2024-04-12 08:00:00",,1.3,181,1013.8,,,0.9,6.7,78,,0.17,,311,,0.33,
Vector_WRA_FB_46706A,"2024-04-12 09:00:00",,1.5,105,1013.7,,,0.7,6.8,101,,0.16,,332,,0.31,
Vector_WRA_FB_46706A,"2024-04-12 10:00:00",,2.6,145,1013.6,,,0.8,7.2,90,,0.13,,356,,0.25,
Vector_WRA_FB_46706A,"2024-04-12 11:00:00",,6.3,153,1012.9,,,0.8,7.5,101,,0.07,,297,,0.14,
Vector_WRA_FB_46706A,"2024-04-12 12:00:00",,6,173,1012.5,,,0.9,6.7,90,,0.05,,105,,0.1,
Vector_WRA_FB_46706A,"2024-04-12 13:00:00",,4.4,171,1011.9,,,0.8,6,67,,0.15,,127,,0.29,
Vector_WRA_FB_46706A,"2024-04-12 14:00:00",,3.4,175,1011.2,,,0.8,6.3,56,,0.27,,133,,0.52,
Vector_WRA_FB_46706A,"2024-04-12 15:00:00",,3.4,172,1010.7,,,0.9,6.5,56,,0.4,,138,,0.78,
Vector_WRA_FB_46706A,"2024-04-12 16:00:00",,1.6,209,1010.6,,,0.8,6,67,,0.28,,153,,0.54,
Vector_WRA_FB_46706A,"2024-04-12 17:00:00",,,,1010.8,,,0.7,6.4,45,,0.07,,184,,0.14,
Vector_WRA_FB_46706A,"2024-04-12 18:00:00",,2.2,272,1011.3,,,0.7,6.6,101,,0.09,,348,,0.17,
Vector_WRA_FB_46706A,"2024-04-12 19:00:00",,2.6,292,1011.7,,,0.7,6.6,112,,0.26,,319,,0.51,
Vector_WRA_FB_46706A,"2024-04-12 20:00:00",,,,1012,,,0.6,6.3,90,,0.27,,323,,0.52,
Vector_WRA_FB_46706A,"2024-04-12 21:00:00",,2.4,316,1013,,,0.7,6,90,,0.11,,343,,0.21,
Vector_WRA_FB_46706A,"2024-04-12 22:00:00",,1.9,319,1012.9,,,0.8,6.7,101,,0.03,,70,,0.06,
Vector_WRA_FB_46706A,"2024-04-12 23:00:00",,2.3,321,1013,,,0.8,6.7,90,,0.13,,131,,0.25,
Vector_WRA_FB_46706A,"2024-04-13 00:00:00",,1.6,293,1012.5,,,0.7,6.7,78,,0.26,,139,,0.51,
Vector_WRA_FB_46706A,"2024-04-13 01:00:00",,1.8,359,1012,,,0.8,6.7,78,,0.37,,136,,0.72,
Vector_WRA_FB_46706A,"2024-04-13 02:00:00",,2.5,338,1011.9,,,0.9,6.8,78,,0.52,,152,,1.01,
Vector_WRA_FB_46706A,"2024-04-13 03:00:00",,1.8,307,1011.3,,,0.9,6.7,112,,0.59,,149,,1.15,
Vector_WRA_FB_46706A,"2024-04-13 04:00:00",,1.6,317,1011.4,,,0.7,6.3,90,,0.58,,164,,1.13,
Vector_WRA_FB_46706A,"2024-04-13 05:00:00",,1.7,304,1011.5,,,0.8,6.3,56,,0.32,,158,,0.62,
Vector_WRA_FB_46706A,"2024-04-13 06:00:00",,,,1012.2,,,0.8,6.2,56,,0.22,,162,,0.43,
Vector_WRA_FB_46706A,"2024-04-13 07:00:00",,1.1,13,1012.6,,,0.7,5.7,78,,0.11,,179,,0.21,
Vector_WRA_FB_46706A,"2024-04-13 08:00:00",,,,1012.7,,,0.6,6.1,101,,0.08,,262,,0.16,
Vector_WRA_FB_46706A,"2024-04-13 09:00:00",,,,1013.3,,,0.6,6,112,,0.14,,3,,0.27,
Vector_WRA_FB_46706A,"2024-04-13 10:00:00",,1.2,62,1013.5,,,0.7,6.6,101,,0.24,,334,,0.47,
Vector_WRA_FB_46706A,"2024-04-13 11:00:00",,1.5,32,1013.4,,,0.6,6.1,101,,0.13,,316,,0.25,
Vector_WRA_FB_46706A,"2024-04-13 12:00:00",,1.3,48,1012.9,,,0.6,6.8,101,,0.08,,316,,0.16,
Vector_WRA_FB_46706A,"2024-04-13 13:00:00",,1.3,73,1012.2,,,0.6,6.4,78,,0.07,,272,,0.14,
Vector_WRA_FB_46706A,"2024-04-13 14:00:00",,,,1011.9,,,0.5,5.2,67,,0.11,,128,,0.21,
Vector_WRA_FB_46706A,"2024-04-13 15:00:00",,1.6,252,1011.6,,,0.7,6.3,56,,0.26,,183,,0.51,
Vector_WRA_FB_46706A,"2024-04-13 16:00:00",,1.3,330,1011.8,,,0.7,5.7,45,,0.33,,167,,0.64,
Vector_WRA_FB_46706A,"2024-04-13 17:00:00",,1.4,301,1011.9,,,0.6,5.6,67,,0.27,,171,,0.52,
Vector_WRA_FB_46706A,"2024-04-13 18:00:00",,1.1,297,1012,,,0.8,6.3,45,,0.13,,125,,0.25,
Vector_WRA_FB_46706A,"2024-04-13 19:00:00",,1.2,291,1012,,,0.6,5.7,67,,0.09,,85,,0.17,
Vector_WRA_FB_46706A,"2024-04-13 20:00:00",,1.1,319,1012,,,0.7,6.5,67,,0.05,,43,,0.1,
Vector_WRA_FB_46706A,"2024-04-13 21:00:00",,1.4,19,1012.6,,,0.7,6.3,78,,0.09,,63,,0.17,
Vector_WRA_FB_46706A,"2024-04-13 22:00:00",,1.5,339,1012.9,,,0.6,5,112,,0.14,,60,,0.27,
Vector_WRA_FB_46706A,"2024-04-13 23:00:00",,,,1012.5,,,0.6,5,112,,0.14,,82,,0.27,
Vector_WRA_FB_46706A,"2024-04-14 00:00:00",,,,1012,,,0.6,5.9,67,,0.14,,100,,0.27,
Vector_WRA_FB_46706A,"2024-04-14 01:00:00",,1.1,283,1011.7,,,0.6,6,33,,0.2,,124,,0.39,
Vector_WRA_FB_46706A,"2024-04-14 02:00:00",,,,1011.4,,,0.6,6,33,,0.36,,142,,0.7,
Vector_WRA_FB_46706A,"2024-04-14 03:00:00",,,,1011.1,,,0.6,5.9,67,,0.46,,139,,0.89,
Vector_WRA_FB_46706A,"2024-04-14 04:00:00",,1.9,288,1011.4,,,0.7,6.3,67,,0.46,,148,,0.89,
Vector_WRA_FB_46706A,"2024-04-14 05:00:00",,,,1011.1,,,0.7,6.3,67,,0.4,,150,,0.78,
Vector_WRA_FB_46706A,"2024-04-14 06:00:00",,1.4,285,1011.6,,,0.7,6.3,67,,0.31,,153,,0.6,
Vector_WRA_FB_46706A,"2024-04-14 07:00:00",,,,1012.1,,,0.6,6.3,67,,0.13,,164,,0.25,
Vector_WRA_FB_46706A,"2024-04-14 08:00:00",,,,1012.7,,,0.6,6.1,67,,0.05,,262,,0.1,
Vector_WRA_FB_46706A,"2024-04-14 09:00:00",,,,1013,,,0.7,7.2,90,,0.16,,341,,0.31,
Vector_WRA_FB_46706A,"2024-04-14 10:00:00",,1.7,68,1012.9,,,0.5,6,90,,0.45,,320,,0.87,
Vector_WRA_FB_46706A,"2024-04-14 11:00:00",,1.7,114,1012.3,,,0.6,6.8,90,,0.27,,316,,0.52,
Vector_WRA_FB_46706A,"2024-04-14 12:00:00",,3.8,149,1011.5,,,0.4,5.7,90,,0.25,,313,,0.49,
Vector_WRA_FB_46706A,"2024-04-14 13:00:00",,5.4,156,1010.9,,,0.6,6.7,101,,0.14,,334,,0.27,
Vector_WRA_FB_46706A,"2024-04-14 14:00:00",,5.9,178,1010.2,,,0.6,6,112,,0.05,,349,,0.1,
Vector_WRA_FB_46706A,"2024-04-14 15:00:00",,6.6,172,1009.9,,,0.6,6.3,112,,0.05,,21,,0.1,
Vector_WRA_FB_46706A,"2024-04-14 16:00:00",,5.2,183,1009.8,,,0.7,5.9,123,,0.06,,17,,0.12,
Vector_WRA_FB_46706A,"2024-04-14 17:00:00",,3.2,203,1010.2,,,0.8,5.5,112,,0.18,,350,,0.35,
Vector_WRA_FB_46706A,"2024-04-14 18:00:00",,4.6,185,1010.8,,,0.8,5.4,135,,0.18,,6,,0.35,
Vector_WRA_FB_46706A,"2024-04-14 19:00:00",,2.2,168,1010.9,,,0.7,5.1,123,,0.09,,15,,0.17,
Vector_WRA_FB_46706A,"2024-04-14 20:00:00",,1.9,201,1011.6,,,0.7,5.5,101,,0.11,,71,,0.21,
Vector_WRA_FB_46706A,"2024-04-14 21:00:00",,1.2,237,1012,,,0.7,5.4,112,,0,,166,,0,
Vector_WRA_FB_46706A,"2024-04-14 22:00:00",,,,1011.8,,,0.6,6,67,,0.03,,154,,0.06,
Vector_WRA_FB_46706A,"2024-04-14 23:00:00",,,,1011.5,,,0.6,5.9,45,,0.1,,104,,0.19,
Vector_WRA_FB_46706A,"2024-04-15 00:00:00",,1.5,244,1011,,,0.6,5.7,123,,0.23,,125,,0.45,
Vector_WRA_FB_46706A,"2024-04-15 01:00:00",,1.2,320,1010.5,,,0.5,5.2,123,,0.29,,127,,0.56,
Vector_WRA_FB_46706A,"2024-04-15 02:00:00",,3.2,320,1010.6,,,0.6,6,101,,0.41,,131,,0.8,
Vector_WRA_FB_46706A,"2024-04-15 03:00:00",,2.2,319,1010.4,,,0.7,5.7,123,,0.54,,148,,1.05,
Vector_WRA_FB_46706A,"2024-04-15 04:00:00",,,,1010.2,,,0.7,5.6,135,,0.54,,151,,1.05,
Vector_WRA_FB_46706A,"2024-04-15 05:00:00",,1.2,335,1010.2,,,0.6,5.6,78,,0.48,,156,,0.93,
Vector_WRA_FB_46706A,"2024-04-15 06:00:00",,,,1011,,,0.6,6.2,90,,0.34,,161,,0.66,
Vector_WRA_FB_46706A,"2024-04-15 07:00:00",,1.1,219,1011.5,,,0.7,5.8,56,,0.19,,133,,0.37,
Vector_WRA_FB_46706A,"2024-04-15 08:00:00",,2.3,150,1012,,,0.6,5.7,67,,0.14,,168,,0.27,
Vector_WRA_FB_46706A,"2024-04-15 09:00:00",,2.7,139,1012.5,,,0.5,5.6,90,,0.11,,347,,0.21,
Vector_WRA_FB_46706A,"2024-04-15 10:00:00",,1.8,156,1013.2,,,0.5,5.5,101,,0.41,,331,,0.8,
Vector_WRA_FB_46706A,"2024-04-15 11:00:00",,,,1013.3,,,0.6,6.1,90,,0.48,,320,,0.93,
Vector_WRA_FB_46706A,"2024-04-15 12:00:00",,,,1013,,,,,,,0.28,,333,,0.54,
Vector_WRA_FB_46706A,"2024-04-15 13:00:00",,1.1,222,1012.6,,,0.7,5.6,90,,0.25,,343,,0.49,
Vector_WRA_FB_46706A,"2024-04-15 14:00:00",,,,1012,,,0.6,5.2,90,,0.24,,338,,0.47,
Vector_WRA_FB_46706A,"2024-04-15 15:00:00",,,,1011.6,,,0.6,4.8,90,,0.19,,339,,0.37,
Vector_WRA_FB_46706A,"2024-04-15 16:00:00",,1.5,11,1011.6,,,0.7,5.4,101,,0.24,,331,,0.47,
Vector_WRA_FB_46706A,"2024-04-15 17:00:00",,,,1011.9,,,0.7,5.2,78,,0.23,,341,,0.45,
Vector_WRA_FB_46706A,"2024-04-15 18:00:00",,,,1012.2,,,0.7,5.3,90,,0.03,,112,,0.06,
Vector_WRA_FB_46706A,"2024-04-15 19:00:00",,,,1012.8,,,0.8,5.4,123,,0.17,,112,,0.33,
Vector_WRA_FB_46706A,"2024-04-15 20:00:00",,1.2,345,1013.2,,,0.7,5.2,78,,0.13,,118,,0.25,
Vector_WRA_FB_46706A,"2024-04-15 21:00:00",,,,1013.6,,,0.6,5.5,56,,0.03,,27,,0.06,
Vector_WRA_FB_46706A,"2024-04-15 22:00:00",,,,1013.9,,,0.6,5.6,45,,0.05,,93,,0.1,
Vector_WRA_FB_46706A,"2024-04-15 23:00:00",,2.3,45,1013.7,,,0.7,6.4,56,,0.15,,187,,0.29,
Vector_WRA_FB_46706A,"2024-04-16 00:00:00",,4,42,1013.3,,,0.7,5.7,56,,0.15,,153,,0.29,
Vector_WRA_FB_46706A,"2024-04-16 01:00:00",,1.3,330,1012.9,,,0.6,5.4,56,,0.17,,113,,0.33,
Vector_WRA_FB_46706A,"2024-04-16 02:00:00",,2,314,1012,,,0.7,6,33,,0.25,,147,,0.49,
Vector_WRA_FB_46706A,"2024-04-16 03:00:00",,2.7,309,1011.8,,,0.7,5.7,56,,0.35,,145,,0.68,
Vector_WRA_FB_46706A,"2024-04-16 04:00:00",,,,1011.6,,,0.9,6.3,67,,0.42,,146,,0.82,
Vector_WRA_FB_46706A,"2024-04-16 05:00:00",,1.5,322,1011.8,,,0.6,5.5,56,,0.54,,156,,1.05,
Vector_WRA_FB_46706A,"2024-04-16 06:00:00",,,,1012.1,,,0.8,6.2,67,,0.47,,159,,0.91,
Vector_WRA_FB_46706A,"2024-04-16 07:00:00",,1.2,271,1012.5,,,1,6.6,56,,0.49,,157,,0.95,
Vector_WRA_FB_46706A,"2024-04-16 08:00:00",,,,1012.3,,,0.9,6.1,67,,0.52,,160,,1.01,
Vector_WRA_FB_46706A,"2024-04-16 09:00:00",,1.9,348,1013,,,0.8,5.5,45,,0.43,,158,,0.84,
Vector_WRA_FB_46706A,"2024-04-16 10:00:00",,2.1,357,1012.6,,,0.8,5.3,56,,0.22,,157,,0.43,
Vector_WRA_FB_46706A,"2024-04-16 11:00:00",,,,1011.7,,,0.8,5.8,45,,0.11,,109,,0.21,
Vector_WRA_FB_46706A,"2024-04-16 12:00:00",,3.5,130,1010.8,,,0.8,6.1,90,,0.13,,129,,0.25,
Vector_WRA_FB_46706A,"2024-04-16 13:00:00",,3.7,157,1010.2,,,0.6,5.9,90,,0.08,,68,,0.16,
Vector_WRA_FB_46706A,"2024-04-16 14:00:00",,2.6,164,1009.8,,,0.6,6.5,101,,0.16,,343,,0.31,
Vector_WRA_FB_46706A,"2024-04-16 15:00:00",,2.6,156,1009.6,,,0.6,6.5,78,,0.29,,310,,0.56,
Vector_WRA_FB_46706A,"2024-04-16 16:00:00",,2.7,145,1009.3,,,0.7,7.2,78,,0.16,,293,,0.31,
Vector_WRA_FB_46706A,"2024-04-16 17:00:00",,1.7,101,1009.6,,,0.6,6.8,90,,0.06,,226,,0.12,
Vector_WRA_FB_46706A,"2024-04-16 18:00:00",,3.1,53,1010.3,,,0.7,7,56,,0.1,,150,,0.19,
Vector_WRA_FB_46706A,"2024-04-16 19:00:00",,3.4,60,1010.8,,,0.8,6.6,56,,0.11,,127,,0.21,
Vector_WRA_FB_46706A,"2024-04-16 20:00:00",,2.2,89,1011,,,0.8,5.5,67,,0.13,,139,,0.25,
Vector_WRA_FB_46706A,"2024-04-16 21:00:00",,4.3,51,1011.7,,,0.8,5.3,78,,0.11,,104,,0.21,
Vector_WRA_FB_46706A,"2024-04-16 22:00:00",,3.5,63,1011.8,,,1,5.3,67,,0.04,,82,,0.08,
Vector_WRA_FB_46706A,"2024-04-16 23:00:00",,4.3,75,1011.6,,,0.8,5.1,78,,0.04,,49,,0.08,
Vector_WRA_FB_46706A,"2024-04-17 00:00:00",,1.7,97,1011.2,,,0.8,5.3,56,,0.05,,335,,0.1,
Vector_WRA_FB_46706A,"2024-04-17 01:00:00",,2,125,1010.6,,,0.8,5.6,78,,0.02,,263,,0.04,
Vector_WRA_FB_46706A,"2024-04-17 02:00:00",,2.6,146,1010,,,0.7,5.9,56,,0.09,,260,,0.17,
Vector_WRA_FB_46706A,"2024-04-17 03:00:00",,2.6,176,1009.6,,,0.6,5.6,78,,0.1,,125,,0.19,
Vector_WRA_FB_46706A,"2024-04-17 04:00:00",,2.5,266,1009.8,,,0.7,5.9,45,,0.16,,161,,0.31,
Vector_WRA_FB_46706A,"2024-04-17 05:00:00",,1.4,206,1009.6,,,0.8,6.3,56,,0.26,,160,,0.51,
Vector_WRA_FB_46706A,"2024-04-17 06:00:00",,,,1010.3,,,0.8,6.6,78,,0.39,,158,,0.76,
Vector_WRA_FB_46706A,"2024-04-17 07:00:00",,,,1010.6,,,0.7,6.8,90,,0.63,,157,,1.22,
Vector_WRA_FB_46706A,"2024-04-17 08:00:00",,,,1010.6,,,0.7,6.4,90,,0.84,,157,,1.63,
Vector_WRA_FB_46706A,"2024-04-17 09:00:00",,1.5,36,1010.3,,,0.6,5.9,112,,0.52,,158,,1.01,
Vector_WRA_FB_46706A,"2024-04-17 10:00:00",,1.2,109,1009.4,,,0.7,6.5,56,,0.31,,148,,0.6,
Vector_WRA_FB_46706A,"2024-04-17 11:00:00",,2.8,143,1008.9,,,0.7,5.8,67,,0.25,,198,,0.49,
Vector_WRA_FB_46706A,"2024-04-17 12:00:00",,2.3,156,1008.4,,,0.6,6.5,90,,0.25,,283,,0.49,
Vector_WRA_FB_46706A,"2024-04-17 13:00:00",,3.5,117,1007.7,,,0.5,6,101,,0.14,,291,,0.27,
Vector_WRA_FB_46706A,"2024-04-17 14:00:00",,3.4,79,1007.1,,,0.6,6.1,112,,0.1,,349,,0.19,
Vector_WRA_FB_46706A,"2024-04-17 15:00:00",,3,91,1006.5,,,0.5,6.2,90,,0.06,,341,,0.12,
Vector_WRA_FB_46706A,"2024-04-17 16:00:00",,2.3,66,1006.5,,,0.6,6.1,90,,0.06,,62,,0.12,
Vector_WRA_FB_46706A,"2024-04-17 17:00:00",,1.4,78,1006.8,,,0.6,6.4,112,,0.1,,63,,0.19,
Vector_WRA_FB_46706A,"2024-04-17 18:00:00",,1.3,357,1007.6,,,0.6,6.7,101,,0.07,,64,,0.14,
Vector_WRA_FB_46706A,"2024-04-17 19:00:00",,,,1008.1,,,0.5,5.7,101,,0.08,,87,,0.16,
Vector_WRA_FB_46706A,"2024-04-17 20:00:00",,1.1,181,1008.1,,,0.5,6.3,67,,0.05,,226,,0.1,
Vector_WRA_FB_46706A,"2024-04-17 21:00:00",,,,1008.2,,,0.6,5.5,56,,0.13,,136,,0.25,
Vector_WRA_FB_46706A,"2024-04-17 22:00:00",,1.9,166,1008.5,,,0.7,5.4,90,,0.17,,105,,0.33,
Vector_WRA_FB_46706A,"2024-04-17 23:00:00",,,,1008.5,,,0.6,5.2,78,,0.24,,177,,0.47,
Vector_WRA_FB_46706A,"2024-04-18 00:00:00",,,,1007.9,,,0.6,5.2,67,,0.12,,178,,0.23,
Vector_WRA_FB_46706A,"2024-04-18 01:00:00",,1.8,284,1007.2,,,0.6,5.1,78,,0.18,,210,,0.35,
Vector_WRA_FB_46706A,"2024-04-18 02:00:00",,1.7,297,1006.7,,,0.7,5.6,56,,0.04,,223,,0.08,
Vector_WRA_FB_46706A,"2024-04-18 03:00:00",,2.3,316,1006.6,,,0.6,5.7,78,,0.05,,121,,0.1,
Vector_WRA_FB_46706A,"2024-04-18 04:00:00",,1.9,276,1006.6,,,0.6,5.9,67,,0.11,,106,,0.21,
Vector_WRA_FB_46706A,"2024-04-18 05:00:00",,1.1,288,1006.6,,,0.6,5.8,67,,0.2,,126,,0.39,
Vector_WRA_FB_46706A,"2024-04-18 06:00:00",,1.2,335,1006.1,,,0.7,6.1,67,,0.27,,132,,0.52,
Vector_WRA_FB_46706A,"2024-04-18 07:00:00",,2.2,343,1007.8,,,0.6,5.4,78,,0.33,,151,,0.64,
Vector_WRA_FB_46706A,"2024-04-18 08:00:00",,12,41,1008.7,,,1,4.1,56,,0.54,,155,,1.05,
Vector_WRA_FB_46706A,"2024-04-18 09:00:00",,10.8,32,1010,,,1.6,4.2,45,,0.68,,169,,1.32,
Vector_WRA_FB_46706A,"2024-04-18 10:00:00",,8.7,26,1011.5,,,1.3,4.4,33,,0.49,,177,,0.95,
Vector_WRA_FB_46706A,"2024-04-18 11:00:00",,8.5,31,1011.1,,,1.2,4.3,45,,0.26,,198,,0.51,
Vector_WRA_FB_46706A,"2024-04-18 12:00:00",,8.8,35,1011,,,1.3,4.5,33,,0.11,,210,,0.21,
Vector_WRA_FB_46706A,"2024-04-18 13:00:00",,10.2,34,1010.6,,,1.6,4.9,22,,0.15,,232,,0.29,
Vector_WRA_FB_46706A,"2024-04-18 14:00:00",,8.2,26,1010.6,,,,,,,0.03,,197,,0.06,
Vector_WRA_FB_46706A,"2024-04-18 15:00:00",,6.7,21,1010.6,,,1.4,5.2,45,,0.14,,266,,0.27,
Vector_WRA_FB_46706A,"2024-04-18 16:00:00",,6.4,27,1010.6,,,1.5,5.3,56,,0.02,,93,,0.04,
Vector_WRA_FB_46706A,"2024-04-18 17:00:00",,5.7,24,1011.3,,,1.2,5.2,56,,0.08,,101,,0.16,
Vector_WRA_FB_46706A,"2024-04-18 18:00:00",,4.9,36,1011.9,,,1.2,5.1,56,,0.06,,59,,0.12,
Vector_WRA_FB_46706A,"2024-04-18 19:00:00",,3.8,34,1012.7,,,1.1,5.2,45,,0.04,,263,,0.08,
Vector_WRA_FB_46706A,"2024-04-18 20:00:00",,2.9,19,1013.6,,,0.9,5,67,,0.09,,162,,0.17,
Vector_WRA_FB_46706A,"2024-04-18 21:00:00",,2,306,1013.9,,,1,5.7,45,,0.2,,150,,0.39,
Vector_WRA_FB_46706A,"2024-04-18 22:00:00",,3,285,1013.5,,,1.1,5.6,45,,0.24,,147,,0.47,
Vector_WRA_FB_46706A,"2024-04-18 23:00:00",,2.6,289,1013.2,,,1,5.6,33,,0.23,,158,,0.45,
Vector_WRA_FB_46706A,"2024-04-19 00:00:00",,2.3,266,1012.2,,,1.1,5.9,33,,0.18,,164,,0.35,
Vector_WRA_FB_46706A,"2024-04-19 01:00:00",,2.3,285,1011.8,,,1,5.9,45,,0.12,,167,,0.23,
Vector_WRA_FB_46706A,"2024-04-19 02:00:00",,2.9,276,1011.3,,,1,6.3,56,,0.05,,258,,0.1,
Vector_WRA_FB_46706A,"2024-04-19 03:00:00",,2.4,279,1010.5,,,1.1,6.8,56,,0.04,,300,,0.08,
Vector_WRA_FB_46706A,"2024-04-19 04:00:00",,2.3,306,1010.3,,,1,6.1,67,,0.13,,317,,0.25,
Vector_WRA_FB_46706A,"2024-04-19 05:00:00",,2.7,274,1011.1,,,1.1,6.6,101,,0.09,,306,,0.17,
Vector_WRA_FB_46706A,"2024-04-19 06:00:00",,2,263,1011.2,,,0.9,6.1,78,,0.04,,5,,0.08,
Vector_WRA_FB_46706A,"2024-04-19 07:00:00",,1.3,290,1011.8,,,1,6.3,56,,0.07,,139,,0.14,
Vector_WRA_FB_46706A,"2024-04-19 08:00:00",,,,1012.5,,,0.9,6,45,,0.17,,153,,0.33,
Vector_WRA_FB_46706A,"2024-04-19 09:00:00",,1.3,9,1012.5,,,1,6.3,45,,0.27,,134,,0.52,
Vector_WRA_FB_46706A,"2024-04-19 10:00:00",,1.6,101,1012.5,,,1.1,6.3,56,,0.27,,137,,0.52,
Vector_WRA_FB_46706A,"2024-04-19 11:00:00",,4.1,160,1011.7,,,0.9,6.2,56,,0.22,,129,,0.43,
Vector_WRA_FB_46706A,"2024-04-19 12:00:00",,5.1,157,1010.4,,,1,6.5,45,,0.12,,170,,0.23,
Vector_WRA_FB_46706A,"2024-04-19 13:00:00",,5.3,167,1009.6,,,1.1,6.6,101,,0.05,,297,,0.1,
Vector_WRA_FB_46706A,"2024-04-19 14:00:00",,4.5,182,1009.1,,,0.8,5.7,101,,0.16,,310,,0.31,
Vector_WRA_FB_46706A,"2024-04-19 15:00:00",,5.8,171,1009,,,0.9,6.3,101,,0.29,,322,,0.56,
Vector_WRA_FB_46706A,"2024-04-19 16:00:00",,3.9,191,1009.4,,,0.9,6.2,78,,0.36,,316,,0.7,
Vector_WRA_FB_46706A,"2024-04-19 17:00:00",,2.1,230,1009.4,,,1.1,7.2,90,,0.31,,314,,0.6,
Vector_WRA_FB_46706A,"2024-04-19 18:00:00",,2.2,263,1009.8,,,1,7.1,78,,0.13,,320,,0.25,
Vector_WRA_FB_46706A,"2024-04-19 19:00:00",,1.8,243,1010.7,,,0.8,6.1,78,,0.03,,291,,0.06,
Vector_WRA_FB_46706A,"2024-04-19 20:00:00",,,,1010.3,,,0.9,6.7,90,,0.01,,210,,0.02,
Vector_WRA_FB_46706A,"2024-04-19 21:00:00",,1.3,314,1010.2,,,0.9,6.4,56,,0.06,,133,,0.12,
Vector_WRA_FB_46706A,"2024-04-19 22:00:00",,,,1009.9,,,1,6.8,56,,0.1,,131,,0.19,
Vector_WRA_FB_46706A,"2024-04-19 23:00:00",,2.9,268,1010,,,0.9,6.6,45,,0.1,,132,,0.19,
Vector_WRA_FB_46706A,"2024-04-20 00:00:00",,2.5,260,1009.3,,,0.8,6.1,45,,0.16,,116,,0.31,
Vector_WRA_FB_46706A,"2024-04-20 01:00:00",,1.7,298,1009.4,,,0.9,6.2,56,,0.18,,153,,0.35,
Vector_WRA_FB_46706A,"2024-04-20 02:00:00",,1.2,248,1008.6,,,0.8,6.1,56,,0.2,,145,,0.39,
Vector_WRA_FB_46706A,"2024-04-20 03:00:00",,1.5,327,1008,,,0.9,6.4,56,,0.09,,172,,0.17,
Vector_WRA_FB_46706A,"2024-04-20 04:00:00",,2,274,1007.8,,,0.8,6,67,,0.06,,195,,0.12,
Vector_WRA_FB_46706A,"2024-04-20 05:00:00",,,,1007.6,,,0.8,6.3,67,,0.07,,240,,0.14,
Vector_WRA_FB_46706A,"2024-04-20 06:00:00",,3.1,275,1008.2,,,0.8,5.8,90,,0.04,,253,,0.08,
Vector_WRA_FB_46706A,"2024-04-20 07:00:00",,,,1008.5,,,0.9,5.9,56,,0.04,,141,,0.08,
Vector_WRA_FB_46706A,"2024-04-20 08:00:00",,1.7,270,1009.2,,,0.8,5.4,112,,0.27,,132,,0.52,
Vector_WRA_FB_46706A,"2024-04-20 09:00:00",,1.7,316,1009.4,,,0.8,5.6,67,,0.44,,139,,0.86,
Vector_WRA_FB_46706A,"2024-04-20 10:00:00",,2.2,82,1009.4,,,0.7,5.2,112,,0.54,,143,,1.05,
Vector_WRA_FB_46706A,"2024-04-20 11:00:00",,7,168,1008.2,,,0.8,5.1,123,,0.38,,125,,0.74,
Vector_WRA_FB_46706A,"2024-04-20 12:00:00",,7.3,173,1007.7,,,0.9,5,112,,0.27,,133,,0.52,
Vector_WRA_FB_46706A,"2024-04-20 13:00:00",,6.9,179,1007.2,,,1,4.8,123,,0.19,,148,,0.37,
Vector_WRA_FB_46706A,"2024-04-20 14:00:00",,7.8,179,1006.9,,,0.9,4.9,123,,0.05,,131,,0.1,
Vector_WRA_FB_46706A,"2024-04-20 15:00:00",,7.1,180,1006.6,,,0.7,4.8,123,,0.05,,316,,0.1,
Vector_WRA_FB_46706A,"2024-04-20 16:00:00",,5.7,176,1006.8,,,0.7,4.9,101,,0.13,,295,,0.25,
Vector_WRA_FB_46706A,"2024-04-20 17:00:00",,6,177,1006.6,,,0.7,5.3,112,,0.13,,323,,0.25,
Vector_WRA_FB_46706A,"2024-04-20 18:00:00",,2.3,336,1007.4,,,0.6,4.7,123,,0.09,,355,,0.17,
Vector_WRA_FB_46706A,"2024-04-20 19:00:00",,3.2,273,1008.2,,,0.6,4.9,123,,0.15,,86,,0.29,
Vector_WRA_FB_46706A,"2024-04-20 20:00:00",,2.8,308,1009.2,,,,,,,0.15,,135,,0.29,
Vector_WRA_FB_46706A,"2024-04-20 21:00:00",,2.5,317,1010,,,0.7,5.2,135,,0.21,,140,,0.41,
Vector_WRA_FB_46706A,"2024-04-20 22:00:00",,2,325,1010.3,,,0.6,5.1,123,,0.22,,131,,0.43,
Vector_WRA_FB_46706A,"2024-04-20 23:00:00",,1.5,324,1010.3,,,0.6,5.1,112,,0.26,,136,,0.51,
Vector_WRA_FB_46706A,"2024-04-21 00:00:00",,,,1010,,,0.6,5.5,123,,0.31,,145,,0.6,
Vector_WRA_FB_46706A,"2024-04-21 01:00:00",,,,1009.3,,,0.7,5.4,123,,0.3,,143,,0.58,
Vector_WRA_FB_46706A,"2024-04-21 02:00:00",,,,1009.2,,,0.5,5,112,,0.2,,186,,0.39,
Vector_WRA_FB_46706A,"2024-04-21 03:00:00",,1.7,271,1008.5,,,0.6,5.2,123,,0.13,,201,,0.25,
Vector_WRA_FB_46706A,"2024-04-21 04:00:00",,1.8,278,1008.4,,,0.6,5.5,123,,0.08,,261,,0.16,
Vector_WRA_FB_46706A,"2024-04-21 05:00:00",,1.2,261,1008.2,,,0.6,6.2,101,,0.12,,299,,0.23,
Vector_WRA_FB_46706A,"2024-04-21 06:00:00",,,,1008.6,,,0.5,5.3,112,,0.12,,312,,0.23,
Vector_WRA_FB_46706A,"2024-04-21 07:00:00",,,,1009,,,0.6,5.3,123,,0.07,,2,,0.14,
Vector_WRA_FB_46706A,"2024-04-21 08:00:00",,,,1009.7,,,0.7,5.4,123,,0.05,,80,,0.1,
Vector_WRA_FB_46706A,"2024-04-21 09:00:00",,,,1010.1,,,0.7,5.1,123,,0.13,,120,,0.25,
Vector_WRA_FB_46706A,"2024-04-21 10:00:00",,2.2,31,1010.5,,,0.7,5.3,112,,0.21,,136,,0.41,
Vector_WRA_FB_46706A,"2024-04-21 11:00:00",,1.7,8,1010.4,,,0.6,5,135,,0.27,,137,,0.52,
Vector_WRA_FB_46706A,"2024-04-21 12:00:00",,2.8,55,1010.4,,,0.6,5.2,135,,0.27,,138,,0.52,
Vector_WRA_FB_46706A,"2024-04-21 13:00:00",,,,1009.9,,,0.7,5.2,112,,0.22,,133,,0.43,
Vector_WRA_FB_46706A,"2024-04-21 14:00:00",,3.5,73,1009.3,,,0.7,5.2,112,,0.24,,168,,0.47,
Vector_WRA_FB_46706A,"2024-04-21 15:00:00",,1.7,122,1009.5,,,0.6,4.9,101,,0.1,,132,,0.19,
Vector_WRA_FB_46706A,"2024-04-21 16:00:00",,3.9,67,1009.3,,,0.6,5.3,112,,0.03,,345,,0.06,
Vector_WRA_FB_46706A,"2024-04-21 17:00:00",,2.8,46,1009.8,,,0.6,5.2,123,,0.06,,327,,0.12,
Vector_WRA_FB_46706A,"2024-04-21 18:00:00",,2.2,40,1010.3,,,0.5,5.2,123,,0.29,,304,,0.56,
Vector_WRA_FB_46706A,"2024-04-21 19:00:00",,,,1011,,,0.5,4.9,112,,0.24,,294,,0.47,
Vector_WRA_FB_46706A,"2024-04-21 20:00:00",,1.5,298,1011.5,,,0.5,4.9,90,,0.06,,186,,0.12,
Vector_WRA_FB_46706A,"2024-04-21 21:00:00",,,,1012.1,,,0.5,5.1,123,,0.18,,134,,0.35,
Vector_WRA_FB_46706A,"2024-04-21 22:00:00",,,,1012,,,0.5,5.3,123,,0.37,,130,,0.72,
Vector_WRA_FB_46706A,"2024-04-21 23:00:00",,1.6,255,1011.7,,,0.5,5,146,,0.45,,130,,0.87,
Vector_WRA_FB_46706A,"2024-04-22 00:00:00",,1.6,301,1010.9,,,0.6,5,123,,0.56,,151,,1.09,
Vector_WRA_FB_46706A,"2024-04-22 01:00:00",,1.8,280,1010,,,0.6,5,135,,0.45,,155,,0.87,
Vector_WRA_FB_46706A,"2024-04-22 02:00:00",,2.7,276,1009.1,,,0.6,5.8,101,,0.31,,166,,0.6,
Vector_WRA_FB_46706A,"2024-04-22 03:00:00",,3.1,286,1008.9,,,0.5,5.3,101,,0.15,,163,,0.29,
Vector_WRA_FB_46706A,"2024-04-22 04:00:00",,,,1008.6,,,0.5,5.5,112,,0.04,,267,,0.08,
Vector_WRA_FB_46706A,"2024-04-22 05:00:00",,1.5,292,1008.5,,,0.5,5.9,123,,0.13,,330,,0.25,
Vector_WRA_FB_46706A,"2024-04-22 06:00:00",,,,1008.8,,,0.4,5.7,112,,0.21,,325,,0.41,
Vector_WRA_FB_46706A,"2024-04-22 07:00:00",,1.4,269,1009.3,,,0.4,5.1,123,,0.15,,348,,0.29,
Vector_WRA_FB_46706A,"2024-04-22 08:00:00",,1.8,340,1010,,,0.5,4.8,135,,0.05,,63,,0.1,
Vector_WRA_FB_46706A,"2024-04-22 09:00:00",,,,1010,,,0.6,5.5,135,,0.14,,133,,0.27,
Vector_WRA_FB_46706A,"2024-04-22 10:00:00",,1.3,66,1010,,,0.5,4.7,123,,0.31,,140,,0.6,
Vector_WRA_FB_46706A,"2024-04-22 11:00:00",,1.3,41,1010.2,,,0.6,5.2,123,,0.44,,139,,0.86,
Vector_WRA_FB_46706A,"2024-04-22 12:00:00",,2,359,1009.9,,,0.6,4.8,135,,0.46,,143,,0.89,
Vector_WRA_FB_46706A,"2024-04-22 13:00:00",,,,1009.1,,,0.8,5.1,123,,0.32,,143,,0.62,
Vector_WRA_FB_46706A,"2024-04-22 14:00:00",,2.6,64,1008.7,,,0.7,4.7,135,,0.16,,163,,0.31,
Vector_WRA_FB_46706A,"2024-04-22 15:00:00",,3.4,58,1008.2,,,0.7,4.6,135,,0.06,,199,,0.12,
Vector_WRA_FB_46706A,"2024-04-22 16:00:00",,2.5,58,1008,,,0.6,4.5,123,,0.08,,313,,0.16,
Vector_WRA_FB_46706A,"2024-04-22 17:00:00",,3.4,327,1008.2,,,0.5,4.7,135,,0.17,,327,,0.33,
Vector_WRA_FB_46706A,"2024-04-22 18:00:00",,2.4,345,1007.9,,,0.4,5.1,101,,0.25,,301,,0.49,
Vector_WRA_FB_46706A,"2024-04-22 19:00:00",,2.8,7,1008.2,,,0.6,5.3,112,,0.06,,7,,0.12,
Vector_WRA_FB_46706A,"2024-04-22 20:00:00",,2.1,4,1009.5,,,0.6,5.2,123,,0.07,,76,,0.14,
Vector_WRA_FB_46706A,"2024-04-22 21:00:00",,1.2,295,1010.1,,,0.6,4.8,135,,0.15,,102,,0.29,
Vector_WRA_FB_46706A,"2024-04-22 22:00:00",,2.6,315,1010.5,,,0.6,5.1,123,,0.24,,128,,0.47,
Vector_WRA_FB_46706A,"2024-04-22 23:00:00",,1.8,290,1009.6,,,0.5,5.4,135,,0.37,,146,,0.72,
Vector_WRA_FB_46706A,"2024-04-23 00:00:00",,3.1,322,1009.4,,,0.5,4.7,135,,0.44,,147,,0.86,
Vector_WRA_FB_46706A,"2024-04-23 01:00:00",,2.4,32,1008.9,,,0.7,4.9,135,,0.38,,165,,0.74,
Vector_WRA_FB_46706A,"2024-04-23 02:00:00",,3.9,39,1008.6,,,0.6,5,135,,0.27,,200,,0.52,
Vector_WRA_FB_46706A,"2024-04-23 03:00:00",,3,15,1008,,,0.6,4.7,123,,0.13,,220,,0.25,
Vector_WRA_FB_46706A,"2024-04-23 04:00:00",,3,357,1007.8,,,0.5,4.5,135,,0.26,,316,,0.51,
Vector_WRA_FB_46706A,"2024-04-23 05:00:00",,2.9,292,1007.7,,,0.5,4.6,123,,0.37,,322,,0.72,
Vector_WRA_FB_46706A,"2024-04-23 06:00:00",,2,328,1008,,,0.5,5,135,,0.41,,321,,0.8,
Vector_WRA_FB_46706A,"2024-04-23 07:00:00",,2.6,334,1008.4,,,0.5,5.1,123,,0.27,,327,,0.52,
Vector_WRA_FB_46706A,"2024-04-23 08:00:00",,2,289,1008.8,,,0.6,5.2,123,,0.11,,311,,0.21,
Vector_WRA_FB_46706A,"2024-04-23 09:00:00",,,,1009.1,,,0.6,5.2,135,,0.05,,163,,0.1,
Vector_WRA_FB_46706A,"2024-04-23 10:00:00",,2.1,307,1008.7,,,0.5,4.6,112,,0.13,,151,,0.25,
Vector_WRA_FB_46706A,"2024-04-23 11:00:00",,3,312,1008.3,,,0.6,5.4,123,,0.31,,131,,0.6,
Vector_WRA_FB_46706A,"2024-04-23 12:00:00",,3.6,11,1007.7,,,0.6,5.5,112,,0.48,,142,,0.93,
Vector_WRA_FB_46706A,"2024-04-23 13:00:00",,2.5,8,1007.2,,,0.6,5.3,123,,0.48,,168,,0.93,
Vector_WRA_FB_46706A,"2024-04-23 14:00:00",,2.9,44,1006.3,,,0.7,5.4,123,,0.38,,167,,0.74,
Vector_WRA_FB_46706A,"2024-04-23 15:00:00",,2.5,64,1006.2,,,0.7,5.2,135,,0.17,,170,,0.33,
Vector_WRA_FB_46706A,"2024-04-23 16:00:00",,1.7,136,1006.5,,,0.7,5.1,123,,0.04,,177,,0.08,
Vector_WRA_FB_46706A,"2024-04-23 17:00:00",,2.1,112,1006.1,,,0.6,5,123,,0.11,,319,,0.21,
Vector_WRA_FB_46706A,"2024-04-23 18:00:00",,2.6,62,1007.4,,,0.7,5.4,123,,0.18,,334,,0.35,
Vector_WRA_FB_46706A,"2024-04-23 19:00:00",,1.7,9,1008,,,0.5,5.1,112,,0.1,,346,,0.19,
Vector_WRA_FB_46706A,"2024-04-23 20:00:00",,1.8,338,1008.1,,,0.6,5.4,123,,0.09,,21,,0.17,
Vector_WRA_FB_46706A,"2024-04-23 21:00:00",,2.5,4,1009.3,,,0.6,5.1,123,,0.08,,104,,0.16,
Vector_WRA_FB_46706A,"2024-04-23 22:00:00",,,,1009.7,,,0.6,5.1,112,,0.2,,118,,0.39,
Vector_WRA_FB_46706A,"2024-04-23 23:00:00",,,,1009.6,,,0.6,5.3,112,,0.27,,133,,0.52,
Vector_WRA_FB_46706A,"2024-04-24 00:00:00",,2.5,281,1009.3,,,0.6,5.5,123,,0.43,,137,,0.84,
Vector_WRA_FB_46706A,"2024-04-24 01:00:00",,2.1,292,1009.2,,,0.6,5.4,123,,0.39,,149,,0.76,
Vector_WRA_FB_46706A,"2024-04-24 02:00:00",,,,1008.1,,,0.6,5.2,135,,0.28,,157,,0.54,
Vector_WRA_FB_46706A,"2024-04-24 03:00:00",,1.7,331,1008,,,0.5,4.9,135,,0.12,,181,,0.23,
Vector_WRA_FB_46706A,"2024-04-24 04:00:00",,,,1007.8,,,0.5,4.3,67,,0.16,,297,,0.31,
Vector_WRA_FB_46706A,"2024-04-24 05:00:00",,6.9,35,1008.2,,,0.6,4.2,90,,0.26,,316,,0.51,
Vector_WRA_FB_46706A,"2024-04-24 06:00:00",,8,44,1008.8,,,0.9,4.1,56,,0.34,,306,,0.66,
Vector_WRA_FB_46706A,"2024-04-24 07:00:00",,6.8,52,1009.4,,,0.8,4.1,56,,0.22,,295,,0.43,
Vector_WRA_FB_46706A,"2024-04-24 08:00:00",,7.5,33,1010.7,,,0.8,4,56,,0.05,,305,,0.1,
Vector_WRA_FB_46706A,"2024-04-24 09:00:00",,7.4,26,1011,,,1,4.3,33,,0.05,,247,,0.1,
Vector_WRA_FB_46706A,"2024-04-24 10:00:00",,8.2,20,1012.4,,,1.1,4.3,45,,0.22,,179,,0.43,
Vector_WRA_FB_46706A,"2024-04-24 11:00:00",,7.2,7,1012.9,,,1.1,4.1,45,,0.31,,151,,0.6,
Vector_WRA_FB_46706A,"2024-04-24 12:00:00",,6.6,4,1013.1,,,1.3,4.3,56,,0.4,,149,,0.78,
Vector_WRA_FB_46706A,"2024-04-24 13:00:00",,7.3,5,1012.9,,,1.4,4.6,56,,0.39,,157,,0.76,
Vector_WRA_FB_46706A,"2024-04-24 14:00:00",,6,9,1012.4,,,1.6,5,45,,0.34,,164,,0.66,
Vector_WRA_FB_46706A,"2024-04-24 15:00:00",,5.3,357,1012,,,1.6,5.5,56,,0.26,,169,,0.51,
Vector_WRA_FB_46706A,"2024-04-24 16:00:00",,6,23,1011,,,1.4,5.2,45,,0.06,,227,,0.12,
Vector_WRA_FB_46706A,"2024-04-24 17:00:00",,5,14,1011.5,,,1.3,5.4,56,,0.09,,315,,0.17,
Vector_WRA_FB_46706A,"2024-04-24 18:00:00",,5,11,1012.1,,,1.6,5.7,56,,0.11,,323,,0.21,
Vector_WRA_FB_46706A,"2024-04-24 19:00:00",,4.7,287,1012.1,,,1.2,5.7,67,,0.09,,308,,0.17,
Vector_WRA_FB_46706A,"2024-04-24 20:00:00",,4.4,278,1012.3,,,1.3,5.9,45,,0.01,,278,,0.02,
Vector_WRA_FB_46706A,"2024-04-24 21:00:00",,3.9,279,1012.8,,,1.2,5.7,45,,0.06,,55,,0.12,
Vector_WRA_FB_46706A,"2024-04-24 22:00:00",,4.2,281,1013.4,,,1,5.7,33,,0.13,,123,,0.25,
Vector_WRA_FB_46706A,"2024-04-24 23:00:00",,3.4,288,1012.6,,,1.1,5.7,45,,0.24,,142,,0.47,
Vector_WRA_FB_46706A,"2024-04-25 00:00:00",,3.6,287,1012.3,,,1,5.5,33,,0.41,,143,,0.8,
Vector_WRA_FB_46706A,"2024-04-25 01:00:00",,4,286,1011.3,,,1,6,45,,0.58,,142,,1.13,
Vector_WRA_FB_46706A,"2024-04-25 02:00:00",,3.5,273,1010.4,,,1.1,6.4,56,,0.54,,158,,1.05,
Vector_WRA_FB_46706A,"2024-04-25 03:00:00",,2.7,278,1009.8,,,1,6.2,56,,0.32,,156,,0.62,
Vector_WRA_FB_46706A,"2024-04-25 04:00:00",,2.2,281,1009.5,,,0.9,6,56,,0.1,,186,,0.19,
Vector_WRA_FB_46706A,"2024-04-25 05:00:00",,2.2,308,1009.7,,,0.9,6.1,67,,0.09,,310,,0.17,
Vector_WRA_FB_46706A,"2024-04-25 06:00:00",,1.5,289,1010.7,,,1,6,78,,0.18,,311,,0.35,
Vector_WRA_FB_46706A,"2024-04-25 07:00:00",,1.2,291,1010.7,,,0.9,6.2,78,,0.29,,315,,0.56,
Vector_WRA_FB_46706A,"2024-04-25 08:00:00",,3.2,250,1010.2,,,0.7,5.9,78,,0.32,,298,,0.62,
Vector_WRA_FB_46706A,"2024-04-25 09:00:00",,3.3,334,1010.2,,,0.7,6.1,67,,0.19,,318,,0.37,
Vector_WRA_FB_46706A,"2024-04-25 10:00:00",,1.5,342,1009.6,,,0.7,5.7,67,,0.02,,281,,0.04,
Vector_WRA_FB_46706A,"2024-04-25 11:00:00",,3.2,140,1009,,,0.7,5.2,90,,0.09,,103,,0.17,
Vector_WRA_FB_46706A,"2024-04-25 12:00:00",,4.5,153,1008.9,,,0.8,5.9,112,,0.13,,112,,0.25,
Vector_WRA_FB_46706A,"2024-04-25 13:00:00",,2.3,200,1008.9,,,0.7,5.5,90,,0.2,,133,,0.39,
Vector_WRA_FB_46706A,"2024-04-25 14:00:00",,1.3,161,1008.3,,,0.8,5.6,90,,0.31,,147,,0.6,
Vector_WRA_FB_46706A,"2024-04-25 15:00:00",,1.8,35,1007.7,,,0.8,5.6,101,,0.23,,144,,0.45,
Vector_WRA_FB_46706A,"2024-04-25 16:00:00",,1.6,46,1007.9,,,0.8,5.9,112,,0.1,,164,,0.19,
Vector_WRA_FB_46706A,"2024-04-25 17:00:00",,,,1008.6,,,0.7,5.5,112,,0.04,,296,,0.08,
Vector_WRA_FB_46706A,"2024-04-25 18:00:00",,1.2,336,1007.8,,,0.7,5.6,90,,0.13,,309,,0.25,
Vector_WRA_FB_46706A,"2024-04-25 19:00:00",,3.1,304,1008.3,,,0.7,5.8,90,,0.19,,311,,0.37,
Vector_WRA_FB_46706A,"2024-04-25 20:00:00",,,,1009.1,,,0.7,5.7,78,,0.07,,291,,0.14,
Vector_WRA_FB_46706A,"2024-04-25 21:00:00",,,,1009.3,,,0.6,5.9,45,,0.05,,79,,0.1,
Vector_WRA_FB_46706A,"2024-04-25 22:00:00",,1.3,243,1010.1,,,0.6,5.6,67,,0.15,,104,,0.29,
Vector_WRA_FB_46706A,"2024-04-26 00:00:00",,1.5,314,1007.8,,,0.7,5.6,33,,0.41,,135,,0.8,
Vector_WRA_FB_46706A,"2024-04-26 01:00:00",,,,1007.2,,,0.6,5.5,112,,0.56,,143,,1.09,
Vector_WRA_FB_46706A,"2024-04-26 02:00:00",,1.6,242,1006.6,,,0.7,6.1,90,,0.63,,155,,1.22,
Vector_WRA_FB_46706A,"2024-04-26 03:00:00",,3.5,300,1006.3,,,0.7,5.6,78,,0.5,,156,,0.97,
Vector_WRA_FB_46706A,"2024-04-26 04:00:00",,1.6,282,1006.4,,,0.7,5.7,78,,0.33,,162,,0.64,
Vector_WRA_FB_46706A,"2024-04-26 05:00:00",,2.5,284,1006.5,,,0.7,5.5,78,,0.15,,164,,0.29,
Vector_WRA_FB_46706A,"2024-04-26 06:00:00",,3.3,281,1006.4,,,0.7,5.8,90,,0.03,,211,,0.06,
Vector_WRA_FB_46706A,"2024-04-26 07:00:00",,3.6,285,1006.9,,,0.6,5.8,90,,0.03,,331,,0.06,
Vector_WRA_FB_46706A,"2024-04-26 08:00:00",,2.9,303,1006.9,,,0.6,6.3,101,,0.12,,313,,0.23,
Vector_WRA_FB_46706A,"2024-04-26 09:00:00",,2.3,336,1007,,,0.6,6.1,78,,0.05,,309,,0.1,
Vector_WRA_FB_46706A,"2024-04-26 10:00:00",,1.9,28,1006.3,,,0.5,6,90,,0.07,,69,,0.14,
Vector_WRA_FB_46706A,"2024-04-26 11:00:00",,1.6,38,1006.3,,,0.7,6.2,78,,0.14,,107,,0.27,
Vector_WRA_FB_46706A,"2024-04-26 12:00:00",,1.5,331,1007.1,,,0.7,6,101,,0.18,,126,,0.35,
Vector_WRA_FB_46706A,"2024-04-26 13:00:00",,3.5,341,1006,,,0.8,6.2,78,,0.25,,133,,0.49,
Vector_WRA_FB_46706A,"2024-04-26 14:00:00",,5,358,1005.8,,,0.7,5.7,90,,0.26,,140,,0.51,
Vector_WRA_FB_46706A,"2024-04-26 15:00:00",,2.1,35,1004.1,,,0.7,5.9,67,,0.25,,145,,0.49,
Vector_WRA_FB_46706A,"2024-04-26 16:00:00",,2.5,97,1003.8,,,0.7,5.7,67,,0.19,,141,,0.37,
Vector_WRA_FB_46706A,"2024-04-26 17:00:00",,2.4,88,1004.6,,,0.6,5.6,101,,0.1,,135,,0.19,
Vector_WRA_FB_46706A,"2024-04-26 18:00:00",,2.6,57,1005.1,,,0.6,5.6,101,,0.07,,334,,0.14,
Vector_WRA_FB_46706A,"2024-04-26 19:00:00",,2.1,10,1005.6,,,0.5,5.5,90,,0.16,,327,,0.31,
Vector_WRA_FB_46706A,"2024-04-26 20:00:00",,3,10,1006.3,,,0.6,6,112,,0.22,,303,,0.43,
Vector_WRA_FB_46706A,"2024-04-26 21:00:00",,2.2,290,1007.2,,,0.6,5.6,78,,0.06,,283,,0.12,
Vector_WRA_FB_46706A,"2024-04-26 22:00:00",,2.4,289,1007.1,,,0.5,5.3,67,,0.11,,136,,0.21,
Vector_WRA_FB_46706A,"2024-04-26 23:00:00",,1.9,281,1007.3,,,0.5,5.5,56,,0.22,,140,,0.43,
Vector_WRA_FB_46706A,"2024-04-27 00:00:00",,2.6,286,1006.9,,,0.5,5,90,,0.42,,139,,0.82,
Vector_WRA_FB_46706A,"2024-04-27 01:00:00",,2.1,295,1006.5,,,0.6,5.9,67,,0.5,,147,,0.97,
Vector_WRA_FB_46706A,"2024-04-27 02:00:00",,3.3,324,1006.4,,,0.6,5.6,90,,0.53,,152,,1.03,
Vector_WRA_FB_46706A,"2024-04-27 03:00:00",,2.1,267,1006.6,,,0.6,5.7,101,,0.48,,160,,0.93,
Vector_WRA_FB_46706A,"2024-04-27 04:00:00",,1.6,324,1006.8,,,,,,,0.42,,162,,0.82,
Vector_WRA_FB_46706A,"2024-04-27 05:00:00",,2.7,279,1007.2,,,0.8,5.4,123,,0.2,,150,,0.39,
Vector_WRA_FB_46706A,"2024-04-27 06:00:00",,,,1007.6,,,0.5,5.5,112,,0.09,,185,,0.17,
Vector_WRA_FB_46706A,"2024-04-27 07:00:00",,2.6,290,1008.3,,,0.5,5.4,101,,0.12,,341,,0.23,
Vector_WRA_FB_46706A,"2024-04-27 08:00:00",,3.1,286,1009.3,,,0.5,5.6,123,,0.22,,332,,0.43,
Vector_WRA_FB_46706A,"2024-04-27 09:00:00",,1.4,295,1009.6,,,0.5,5.8,90,,0.3,,322,,0.58,
Vector_WRA_FB_46706A,"2024-04-27 10:00:00",,,,1009.6,,,0.5,5.8,112,,0.22,,311,,0.43,
Vector_WRA_FB_46706A,"2024-04-27 11:00:00",,,,1009.1,,,0.6,5.8,112,,0.09,,290,,0.17,
Vector_WRA_FB_46706A,"2024-04-27 12:00:00",,2.6,121,1008.9,,,0.6,5.5,135,,0.14,,185,,0.27,
Vector_WRA_FB_46706A,"2024-04-27 13:00:00",,3.1,130,1008.4,,,0.6,5.4,112,,0.21,,157,,0.41,
Vector_WRA_FB_46706A,"2024-04-27 14:00:00",,2.1,88,1008.3,,,0.7,5.3,90,,0.3,,151,,0.58,
Vector_WRA_FB_46706A,"2024-04-27 15:00:00",,3.9,59,1008.1,,,0.7,5.2,101,,0.35,,158,,0.68,
Vector_WRA_FB_46706A,"2024-04-27 16:00:00",,3.6,68,1007.7,,,0.8,5.2,90,,0.27,,153,,0.52,
Vector_WRA_FB_46706A,"2024-04-27 17:00:00",,4,56,1007.7,,,0.7,4.9,90,,0.12,,178,,0.23,
Vector_WRA_FB_46706A,"2024-04-27 18:00:00",,3.3,50,1007.9,,,0.7,4.7,101,,0.05,,285,,0.1,
Vector_WRA_FB_46706A,"2024-04-27 19:00:00",,1.6,64,1009.2,,,0.5,4.5,123,,0.18,,353,,0.35,
Vector_WRA_FB_46706A,"2024-04-27 20:00:00",,1.5,215,1010.7,,,0.5,4.8,112,,0.17,,340,,0.33,
Vector_WRA_FB_46706A,"2024-04-27 21:00:00",,1.6,267,1010.7,,,0.6,5.3,112,,0.2,,283,,0.39,
Vector_WRA_FB_46706A,"2024-04-27 22:00:00",,1.5,273,1011.1,,,,,,,0.09,,35,,0.17,
Vector_WRA_FB_46706A,"2024-04-27 23:00:00",,3.4,296,1011.1,,,0.6,5,101,,0.12,,130,,0.23,
Vector_WRA_FB_46706A,"2024-04-28 00:00:00",,,,1010.6,,,0.6,5.1,101,,0.31,,142,,0.6,
Vector_WRA_FB_46706A,"2024-04-28 01:00:00",,1.2,324,1010.6,,,0.6,5.2,123,,0.47,,151,,0.91,
Vector_WRA_FB_46706A,"2024-04-28 02:00:00",,2.4,292,1009.7,,,0.4,5,78,,0.5,,148,,0.97,
Vector_WRA_FB_46706A,"2024-04-28 03:00:00",,1.6,335,1009,,,0.5,5.1,112,,0.3,,144,,0.58,
Vector_WRA_FB_46706A,"2024-04-28 04:00:00",,,,1009.1,,,0.5,5.1,123,,0.3,,140,,0.58,
Vector_WRA_FB_46706A,"2024-04-28 05:00:00",,,,1008.4,,,0.7,5.3,123,,0.17,,145,,0.33,
Vector_WRA_FB_46706A,"2024-04-28 06:00:00",,1.1,5,1008.8,,,0.6,5,112,,0.1,,164,,0.19,
Vector_WRA_FB_46706A,"2024-04-28 07:00:00",,2,292,1009.2,,,0.6,5,123,,0.09,,356,,0.17,
Vector_WRA_FB_46706A,"2024-04-28 08:00:00",,1.7,288,1010.2,,,0.5,4.9,123,,0.3,,325,,0.58,
Vector_WRA_FB_46706A,"2024-04-28 09:00:00",,1.2,349,1010.8,,,0.4,5,123,,0.22,,300,,0.43,
Vector_WRA_FB_46706A,"2024-04-28 10:00:00",,,,1011,,,0.4,5.1,112,,0.21,,323,,0.41,
Vector_WRA_FB_46706A,"2024-04-28 11:00:00",,2.7,309,1011.4,,,0.4,5.2,90,,0.14,,359,,0.27,
Vector_WRA_FB_46706A,"2024-04-28 12:00:00",,2.2,334,1011.3,,,0.4,5.2,123,,0.12,,261,,0.23,
Vector_WRA_FB_46706A,"2024-04-28 13:00:00",,1.1,26,1009.8,,,0.4,5.4,123,,0.08,,64,,0.16,
Vector_WRA_FB_46706A,"2024-04-28 14:00:00",,4.1,166,1008.8,,,0.3,5.5,112,,0.07,,179,,0.14,
Vector_WRA_FB_46706A,"2024-04-28 15:00:00",,8,176,1007.1,,,0.4,5.2,135,,0.02,,188,,0.04,
Vector_WRA_FB_46706A,"2024-04-28 16:00:00",,6.2,185,1006.7,,,0.4,5.1,135,,0.08,,141,,0.16,
Vector_WRA_FB_46706A,"2024-04-28 17:00:00",,4.6,187,1007.6,,,0.5,4.2,101,,0.14,,148,,0.27,
Vector_WRA_FB_46706A,"2024-04-28 18:00:00",,3.7,176,1008.2,,,0.5,3.9,112,,0.1,,174,,0.19,
Vector_WRA_FB_46706A,"2024-04-28 19:00:00",,2.5,165,1008.4,,,0.5,4.4,112,,0.1,,240,,0.19,
Vector_WRA_FB_46706A,"2024-04-28 20:00:00",,1.4,224,1009.4,,,0.5,4.8,101,,0.09,,225,,0.17,
Vector_WRA_FB_46706A,"2024-04-28 21:00:00",,1.3,230,1010.1,,,0.4,5,112,,0.03,,277,,0.06,
Vector_WRA_FB_46706A,"2024-04-28 22:00:00",,2.5,296,1010,,,0.4,5.5,78,,0.05,,116,,0.1,
Vector_WRA_FB_46706A,"2024-04-28 23:00:00",,2.5,322,1009.9,,,0.4,5.6,78,,0.19,,113,,0.37,
Vector_WRA_FB_46706A,"2024-04-29 00:00:00",,3.1,317,1009.5,,,0.4,5.4,101,,0.37,,132,,0.72,
Vector_WRA_FB_46706A,"2024-04-29 01:00:00",,2.9,290,1009.5,,,0.5,5.5,123,,0.53,,146,,1.03,
Vector_WRA_FB_46706A,"2024-04-29 02:00:00",,4,294,1009.4,,,0.4,5.5,112,,0.46,,147,,0.89,
Vector_WRA_FB_46706A,"2024-04-29 03:00:00",,2.6,304,1008.8,,,0.5,5.9,123,,0.44,,139,,0.86,
Vector_WRA_FB_46706A,"2024-04-29 04:00:00",,2.2,306,1008.9,,,0.5,5.8,112,,0.45,,140,,0.87,
Vector_WRA_FB_46706A,"2024-04-29 05:00:00",,2.2,247,1008.6,,,0.6,5.7,123,,0.4,,152,,0.78,
Vector_WRA_FB_46706A,"2024-04-29 06:00:00",,2.6,291,1009,,,0.6,5.3,123,,0.26,,169,,0.51,
Vector_WRA_FB_46706A,"2024-04-29 07:00:00",,2,268,1009.1,,,0.6,5.1,112,,0.14,,167,,0.27,
Vector_WRA_FB_46706A,"2024-04-29 08:00:00",,,,1009.3,,,0.6,5,112,,0.07,,229,,0.14,
Vector_WRA_FB_46706A,"2024-04-29 09:00:00",,1.1,54,1009.6,,,0.5,4.8,135,,0.18,,298,,0.35,
Vector_WRA_FB_46706A,"2024-04-29 10:00:00",,1.3,51,1009.4,,,0.4,5.1,123,,0.25,,307,,0.49,
Vector_WRA_FB_46706A,"2024-04-29 11:00:00",,,,1008.9,,,0.5,5.1,135,,0.2,,330,,0.39,
Vector_WRA_FB_46706A,"2024-04-29 12:00:00",,1.7,63,1008.3,,,0.5,5.4,112,,,,,,,
Vector_WRA_FB_46706A,"2024-04-29 13:00:00",,1.2,70,1007.6,,,0.5,5.3,135,,,,,,,
Vector_WRA_FB_46706A,"2024-04-29 14:00:00",,,,1006.9,,,0.6,5,123,,,,,,,
Vector_WRA_FB_46706A,"2024-04-29 15:00:00",,1.4,53,1006.4,,,0.5,4.7,135,,,,,,,
Vector_WRA_FB_46706A,"2024-04-29 16:00:00",,,,1006.5,,,0.5,5,135,,,,,,,
Vector_WRA_FB_46706A,"2024-04-29 17:00:00",,1.1,326,1006.5,,,0.6,4.7,135,,,,,,,
Vector_WRA_FB_46706A,"2024-04-29 18:00:00",,1.2,338,1006.8,,,0.5,4.8,123,,,,,,,
Vector_WRA_FB_46706A,"2024-04-29 19:00:00",,,,1006.8,,,0.5,4.9,123,,,,,,,
Vector_WRA_FB_46706A,"2024-04-29 20:00:00",,,,1007.7,,,0.5,5.4,123,,,,,,,
Vector_WRA_FB_46706A,"2024-04-29 21:00:00",,1.3,311,1008.5,,,0.5,5.2,123,,,,,,,
Vector_WRA_FB_46706A,"2024-04-29 22:00:00",,1.3,249,1008.6,,,0.4,5.2,123,,,,,,,
Vector_WRA_FB_46706A,"2024-04-29 23:00:00",,1.2,284,1008.3,,,0.5,5.7,112,,,,,,,
Vector_WRA_FB_46706A,"2024-04-30 00:00:00",,1.6,294,1007.8,,,0.4,5.5,123,,,,,,,
Vector_WRA_FB_46706A,"2024-04-30 01:00:00",,2.4,284,1007.6,,,0.5,5.7,123,,,,,,,
Vector_WRA_FB_46706A,"2024-04-30 02:00:00",,2.4,299,1007.1,,,0.5,5.8,123,,,,,,,
Vector_WRA_FB_46706A,"2024-04-30 03:00:00",,2.3,297,1006.4,,,0.5,5.6,123,,,,,,,
Vector_WRA_FB_46706A,"2024-04-30 04:00:00",,3.1,295,1006.2,,,0.5,5.8,112,,,,,,,
Vector_WRA_FB_46706A,"2024-04-30 05:00:00",,1.8,313,1006.3,,,0.5,5.3,90,,,,,,,
Vector_WRA_FB_46706A,"2024-04-30 06:00:00",,2.9,310,1006.9,,,0.6,5.2,112,,,,,,,
Vector_WRA_FB_46706A,"2024-04-30 07:00:00",,1.3,316,1006.4,,,0.6,5.2,123,,,,,,,
Vector_WRA_FB_46706A,"2024-04-30 08:00:00",,1.9,317,1006.2,,,0.6,5.2,78,,,,,,,
Vector_WRA_FB_46706A,"2024-04-30 09:00:00",,,,1005.8,,,0.5,5.3,112,,,,,,,
Vector_WRA_FB_46706A,"2024-04-30 10:00:00",,1.5,78,1005.6,,,0.5,5.2,112,,,,,,,
Vector_WRA_FB_46706A,"2024-04-30 11:00:00",,3.5,132,1005,,,0.4,5.3,123,,,,,,,
Vector_WRA_FB_46706A,"2024-04-30 12:00:00",,6.7,164,1003.8,,,0.5,5.4,123,,,,,,,
Vector_WRA_FB_46706A,"2024-04-30 13:00:00",,7.5,169,1003.4,,,0.5,5.3,123,,,,,,,
Vector_WRA_FB_46706A,"2024-04-30 14:00:00",,4.8,177,1003.9,,,0.5,5.2,135,,,,,,,
Vector_WRA_FB_46706A,"2024-04-30 15:00:00",,6.4,180,1003.4,,,0.5,4.7,146,,,,,,,
Vector_WRA_FB_46706A,"2024-04-30 16:00:00",,5.8,181,1003.8,,,0.5,4.9,135,,,,,,,
Vector_WRA_FB_46706A,"2024-04-30 17:00:00",,6.5,358,1005.5,,,0.5,4.9,101,,,,,,,
Vector_WRA_FB_46706A,"2024-04-30 18:00:00",,1.7,358,1006.4,,,,,,,,,,,,
Vector_WRA_FB_46706A,"2024-04-30 19:00:00",,1.8,93,1006.3,,,0.5,5,101,,,,,,,
Vector_WRA_FB_46706A,"2024-04-30 20:00:00",,7.2,336,1005.5,,,0.4,4.9,67,,,,,,,
Vector_WRA_FB_46706A,"2024-04-30 21:00:00",,2.8,193,1005.9,,,0.4,5,78,,,,,,,
Vector_WRA_FB_46706A,"2024-04-30 22:00:00",,2.3,199,1006.6,,,0.5,5.4,112,,,,,,,
Vector_WRA_FB_46706A,"2024-04-30 23:00:00",,8.9,176,1005.3,,,0.5,5.5,135,,,,,,,
