測站編號,時間,陣風_風速,風速,風向,氣壓,氣溫,海面溫度,示性波高,平均週期,波向,波浪尖峰週期,流速,分層流速{深度:流速},流向,分層流向{深度:流向},流速(節),潮高
StationID,time,Wind_Gust_Speed,Wind_Speed,Wind_Direction,Air_Pressure,Air_Temperature,Sea_Temperature,Wave_Height_Significant,Wave_Mean_Period,Wave_Main_Direction,Wave_Peak_Period,Current_Speed,Current_Speed_Layer,Current_Direction,Current_Direction_Layer,Current_Speed_knot,Tide_Height
,UTC+8,m/s,m/s,degree,hPa,C,C,m,sec,degree,sec,m/s,m/s,degree,degree,knot,m
Vector_WRA_FB_46759A,"2021-10-01 00:00:00",,3.5,45,1007.4,28.1,,0.6,7.4,157,,,,,,,
Vector_WRA_FB_46759A,"2021-10-01 01:00:00",,3,52,1006.9,28.1,,0.6,8.2,348,,0.17,,247,,0.33,
Vector_WRA_FB_46759A,"2021-10-01 02:00:00",,2.6,32,1006.4,27.5,,0.6,8.4,168,,0.09,,117,,0.18,
Vector_WRA_FB_46759A,"2021-10-01 03:00:00",,2.8,39,1006.1,27.4,,0.6,7.7,146,,0.21,,94,,0.42,
Vector_WRA_FB_46759A,"2021-10-01 04:00:00",,1.6,349,1006.2,27.3,,0.8,8.5,180,,0.35,,108,,0.67,
Vector_WRA_FB_46759A,"2021-10-01 05:00:00",,2.6,350,1006.6,26.9,,0.8,7.5,168,,0.16,,105,,0.31,
Vector_WRA_FB_46759A,"2021-10-01 06:00:00",,1.4,37,1007,27.4,,0.8,8.1,168,,0.11,,170,,0.22,
Vector_WRA_FB_46759A,"2021-10-01 07:00:00",,2.1,296,1007.8,27.9,,0.7,7,168,,0.11,,226,,0.22,
Vector_WRA_FB_46759A,"2021-10-01 08:00:00",,2.1,303,1008.6,28.1,,0.6,7.7,135,,0.2,,290,,0.38,
Vector_WRA_FB_46759A,"2021-10-01 09:00:00",,1.3,303,1008.6,28.4,,0.5,6.6,146,,0.18,,272,,0.36,
Vector_WRA_FB_46759A,"2021-10-01 10:00:00",,1.6,267,1008.5,29,,0.4,5.9,123,,0.25,,290,,0.49,
Vector_WRA_FB_46759A,"2021-10-01 11:00:00",,4.7,243,1008.3,29,,0.4,5.8,123,,0.15,,342,,0.29,
Vector_WRA_FB_46759A,"2021-10-01 12:00:00",,4.7,257,1007.7,28.9,,0.6,7.4,146,,0.05,,333,,0.1,
Vector_WRA_FB_46759A,"2021-10-01 13:00:00",,4,250,1007.3,28.9,,0.6,6.9,135,,0.41,,284,,0.8,
Vector_WRA_FB_46759A,"2021-10-01 14:00:00",,4.2,230,1006.3,28.9,,0.6,8,146,,0.44,,278,,0.86,
Vector_WRA_FB_46759A,"2021-10-01 15:00:00",,4.3,239,1005.9,29,,0.6,7.6,146,,0.46,,297,,0.9,
Vector_WRA_FB_46759A,"2021-10-01 16:00:00",,3.9,256,1005.9,29.1,,0.6,7.5,135,,0.38,,332,,0.73,
Vector_WRA_FB_46759A,"2021-10-01 17:00:00",,3.5,289,1005.8,29,,0.6,6.7,146,,0.35,,339,,0.68,
Vector_WRA_FB_46759A,"2021-10-01 18:00:00",,4.1,305,1006.5,28.9,,0.6,6.9,146,,0.19,,27,,0.37,
Vector_WRA_FB_46759A,"2021-10-01 19:00:00",,1.5,41,1007.2,28.4,,0.6,6.4,146,,0.2,,31,,0.39,
Vector_WRA_FB_46759A,"2021-10-01 20:00:00",,4.1,102,1008.5,28,,0.7,6.9,146,,0.14,,38,,0.27,
Vector_WRA_FB_46759A,"2021-10-01 21:00:00",,3.1,133,1009.2,27.4,,0.6,6.7,135,,0.04,,99,,0.09,
Vector_WRA_FB_46759A,"2021-10-01 22:00:00",,1.6,9,1009.4,27.6,,,,,,0.1,,82,,0.18,
Vector_WRA_FB_46759A,"2021-10-01 23:00:00",,2.6,40,1009.4,27.5,,0.7,7.8,168,,0.13,,83,,0.25,
Vector_WRA_FB_46759A,"2021-10-02 00:00:00",,3.3,33,1009.1,27.5,,0.7,7.5,180,,0.23,,79,,0.45,
Vector_WRA_FB_46759A,"2021-10-02 01:00:00",,3.8,34,1008.7,27.6,,,,,,0.11,,92,,0.21,
Vector_WRA_FB_46759A,"2021-10-02 02:00:00",,4.2,40,1008.3,27.9,,0.7,6.8,157,,0.04,,136,,0.08,
Vector_WRA_FB_46759A,"2021-10-02 03:00:00",,5.2,49,1008.1,27.9,,0.8,7.8,135,,0.05,,182,,0.1,
Vector_WRA_FB_46759A,"2021-10-02 04:00:00",,5.3,41,1008.4,27.9,,0.7,6.5,123,,0.03,,160,,0.06,
Vector_WRA_FB_46759A,"2021-10-02 05:00:00",,3.8,31,1008.8,27.4,,0.7,7,146,,0.11,,148,,0.21,
Vector_WRA_FB_46759A,"2021-10-02 06:00:00",,4.2,28,1009.3,27.3,,0.6,6.8,191,,0.14,,128,,0.28,
Vector_WRA_FB_46759A,"2021-10-02 07:00:00",,4,31,1009.8,27.6,,0.5,6.1,157,,0.18,,129,,0.35,
Vector_WRA_FB_46759A,"2021-10-02 08:00:00",,6.5,42,1009.9,28.3,,0.5,5.9,146,,0.09,,126,,0.18,
Vector_WRA_FB_46759A,"2021-10-02 09:00:00",,7.3,40,1010.5,28.5,,0.4,6.2,135,,0.14,,111,,0.27,
Vector_WRA_FB_46759A,"2021-10-02 10:00:00",,7.1,47,1012.5,,,0.4,6.6,157,,0.02,,357,,0.04,
Vector_WRA_FB_46759A,"2021-10-02 11:00:00",,7,46,1012.6,,,0.4,6,135,,0.88,,17,,1.72,
Vector_WRA_FB_46759A,"2021-10-02 12:00:00",,6.9,35,1011.8,,,0.3,5.3,135,,0.87,,358,,1.7,
Vector_WRA_FB_46759A,"2021-10-02 13:00:00",,6.8,44,1010.7,,,0.3,5.2,123,,0.74,,306,,1.44,
Vector_WRA_FB_46759A,"2021-10-02 14:00:00",,6.3,52,1009.9,,,0.4,6,135,,0.75,,309,,1.45,
Vector_WRA_FB_46759A,"2021-10-02 15:00:00",,6.4,56,1009.9,,,0.4,5.5,123,,0.9,,328,,1.76,
Vector_WRA_FB_46759A,"2021-10-02 16:00:00",,6.6,65,1009.8,,,0.4,5.6,135,,0.64,,332,,1.24,
Vector_WRA_FB_46759A,"2021-10-02 17:00:00",,7,54,1010,,,0.5,5.8,135,,0.28,,336,,0.54,
Vector_WRA_FB_46759A,"2021-10-02 18:00:00",,5.3,42,1010.5,,,0.5,5.3,135,,0.23,,321,,0.44,
Vector_WRA_FB_46759A,"2021-10-02 19:00:00",,7.1,51,1011.2,,,0.4,5.1,135,,0.13,,356,,0.25,
Vector_WRA_FB_46759A,"2021-10-02 20:00:00",,9.4,69,1012,,,0.4,5.3,135,,0.08,,16,,0.15,
Vector_WRA_FB_46759A,"2021-10-02 21:00:00",,8.2,46,1012.4,,,0.5,5,135,,0.13,,74,,0.25,
Vector_WRA_FB_46759A,"2021-10-02 22:00:00",,11.4,67,1011.9,,,0.6,4.3,146,,0.14,,105,,0.27,
Vector_WRA_FB_46759A,"2021-10-02 23:00:00",,11,69,1011.8,,,0.7,4.6,146,,0.1,,104,,0.19,
Vector_WRA_FB_46759A,"2021-10-03 00:00:00",,11.2,67,1011.7,,,,,,,0.04,,74,,0.07,
Vector_WRA_FB_46759A,"2021-10-03 01:00:00",,11.5,72,1011.6,,,0.6,4.8,146,,0.1,,245,,0.18,
Vector_WRA_FB_46759A,"2021-10-03 02:00:00",,10.1,67,1011.4,,,0.5,4.7,157,,0.17,,236,,0.32,
Vector_WRA_FB_46759A,"2021-10-03 03:00:00",,9.7,66,1011.1,,,0.6,5.1,123,,0.14,,196,,0.26,
Vector_WRA_FB_46759A,"2021-10-03 04:00:00",,9.2,55,1011.2,,,0.6,5.1,135,,0.08,,107,,0.16,
Vector_WRA_FB_46759A,"2021-10-03 05:00:00",,8.1,50,1011.5,,,0.5,4.7,146,,0.16,,126,,0.31,
Vector_WRA_FB_46759A,"2021-10-03 06:00:00",,6.4,29,1012.2,,,0.6,5.4,146,,0.18,,132,,0.36,
Vector_WRA_FB_46759A,"2021-10-03 07:00:00",,6.8,30,1012.8,,,0.8,5.3,135,,0.17,,117,,0.33,
Vector_WRA_FB_46759A,"2021-10-03 08:00:00",,8,41,1013.1,,,0.7,5.9,146,,0.23,,119,,0.45,
Vector_WRA_FB_46759A,"2021-10-03 09:00:00",,9.1,47,1013.4,,,0.6,5.7,135,,0.24,,124,,0.46,
Vector_WRA_FB_46759A,"2021-10-03 10:00:00",,10.3,32,1013,,,0.6,5.9,112,,0.45,,104,,0.87,
Vector_WRA_FB_46759A,"2021-10-03 11:00:00",,11.3,38,1013.4,,,0.8,5.9,112,,0.41,,106,,0.79,
Vector_WRA_FB_46759A,"2021-10-03 12:00:00",,10.2,42,1012.7,,,0.7,6.2,135,,0.37,,101,,0.73,
Vector_WRA_FB_46759A,"2021-10-03 13:00:00",,9.9,40,1011.9,,,0.7,6.1,135,,0.15,,89,,0.3,
Vector_WRA_FB_46759A,"2021-10-03 14:00:00",,10.3,51,1011.6,,,0.6,5.4,146,,0.14,,342,,0.27,
Vector_WRA_FB_46759A,"2021-10-03 15:00:00",,9.7,49,1010.8,,,0.6,5.3,146,,0.42,,316,,0.82,
Vector_WRA_FB_46759A,"2021-10-03 16:00:00",,10.1,45,1011.2,,,0.5,5.1,146,,0.39,,314,,0.77,
Vector_WRA_FB_46759A,"2021-10-03 17:00:00",,8,51,1011.9,,,0.6,5.6,135,,0.31,,309,,0.6,
Vector_WRA_FB_46759A,"2021-10-03 18:00:00",,9.4,51,1011.6,,,0.8,5.6,135,,0.19,,312,,0.37,
Vector_WRA_FB_46759A,"2021-10-03 19:00:00",,10.6,61,1012.1,,,0.7,5.2,146,,0.09,,286,,0.18,
Vector_WRA_FB_46759A,"2021-10-03 20:00:00",,9.9,56,1012.8,,,0.7,5.2,135,,0.14,,241,,0.26,
Vector_WRA_FB_46759A,"2021-10-03 21:00:00",,11.4,63,1013,,,0.6,5.2,123,,0.07,,160,,0.14,
Vector_WRA_FB_46759A,"2021-10-03 22:00:00",,11.7,57,1013.1,,,0.7,4.9,135,,0.09,,190,,0.17,
Vector_WRA_FB_46759A,"2021-10-03 23:00:00",,13.2,47,1012.6,,,0.4,3.9,56,,0.15,,157,,0.3,
Vector_WRA_FB_46759A,"2021-10-04 00:00:00",,12,43,1012.6,,,0.4,5.2,146,,0.17,,152,,0.33,
Vector_WRA_FB_46759A,"2021-10-04 01:00:00",,12,51,1011.5,,,0.5,5.3,146,,0.15,,175,,0.3,
Vector_WRA_FB_46759A,"2021-10-04 02:00:00",,11.7,49,1011,,,0.5,5,135,,0.11,,159,,0.22,
Vector_WRA_FB_46759A,"2021-10-04 03:00:00",,11.6,50,1010.2,,,0.5,4.6,146,,0.16,,172,,0.31,
Vector_WRA_FB_46759A,"2021-10-04 04:00:00",,12.6,52,1010.4,,,0.5,4.1,123,,0.06,,246,,0.11,
Vector_WRA_FB_46759A,"2021-10-04 05:00:00",,12.1,46,1010.6,,,0.5,4.5,135,,0.13,,259,,0.26,
Vector_WRA_FB_46759A,"2021-10-04 06:00:00",,12.1,51,1010.9,,,0.5,4.8,157,,0.1,,257,,0.2,
Vector_WRA_FB_46759A,"2021-10-04 07:00:00",,11.6,54,1011.6,,,,,,,0.06,,222,,0.11,
Vector_WRA_FB_46759A,"2021-10-04 08:00:00",,11.9,52,1012.8,,,0.5,4.4,146,,0.06,,165,,0.12,
Vector_WRA_FB_46759A,"2021-10-04 09:00:00",,11.1,49,1013.1,,,0.5,4.6,135,,0.22,,116,,0.43,
Vector_WRA_FB_46759A,"2021-10-04 10:00:00",,11.4,54,1013,,,0.5,3.9,135,,0.42,,129,,0.81,
Vector_WRA_FB_46759A,"2021-10-04 11:00:00",,10.5,46,1013.2,,,0.5,4.5,135,,0.46,,131,,0.9,
Vector_WRA_FB_46759A,"2021-10-04 12:00:00",,10.8,53,1012.2,,,0.6,4.6,135,,0.49,,127,,0.95,
Vector_WRA_FB_46759A,"2021-10-04 13:00:00",,9.3,50,1011.9,,,0.6,5.2,135,,0.5,,128,,0.98,
Vector_WRA_FB_46759A,"2021-10-04 14:00:00",,10,55,1011.2,,,0.5,5,146,,0.34,,142,,0.67,
Vector_WRA_FB_46759A,"2021-10-04 15:00:00",,10.9,48,1010.6,,,0.6,5,135,,0.15,,157,,0.3,
Vector_WRA_FB_46759A,"2021-10-04 16:00:00",,11,64,1011.2,,,0.6,5.2,135,,0.08,,259,,0.16,
Vector_WRA_FB_46759A,"2021-10-04 17:00:00",,9.9,53,1011.6,,,,,,,0.2,,272,,0.39,
Vector_WRA_FB_46759A,"2021-10-04 18:00:00",,6.8,38,1011.6,,,0.5,5,135,,0.23,,296,,0.45,
Vector_WRA_FB_46759A,"2021-10-04 19:00:00",,10.6,46,1012,,,0.5,5.2,135,,0.28,,296,,0.54,
Vector_WRA_FB_46759A,"2021-10-04 20:00:00",,11.5,46,1012.4,,,0.5,5.2,90,,0.25,,275,,0.49,
Vector_WRA_FB_46759A,"2021-10-04 21:00:00",,11.1,49,1012.3,,,0.5,5.5,123,,0.21,,290,,0.41,
Vector_WRA_FB_46759A,"2021-10-04 22:00:00",,12,57,1012.5,,,0.6,4.9,135,,0.02,,202,,0.03,
Vector_WRA_FB_46759A,"2021-10-04 23:00:00",,11.5,58,1011.8,,,0.7,5.7,135,,0.12,,130,,0.24,
Vector_WRA_FB_46759A,"2021-10-05 00:00:00",,11.5,55,1011.5,,,0.7,5.4,135,,0.2,,164,,0.39,
Vector_WRA_FB_46759A,"2021-10-05 01:00:00",,12,53,1010.9,,,0.7,5.1,135,,0.24,,142,,0.46,
Vector_WRA_FB_46759A,"2021-10-05 02:00:00",,12.3,46,1009.4,,,0.7,4.8,123,,0.25,,127,,0.48,
Vector_WRA_FB_46759A,"2021-10-05 03:00:00",,12.4,45,1009.5,,,0.7,4.9,135,,0.24,,149,,0.46,
Vector_WRA_FB_46759A,"2021-10-05 04:00:00",,13.3,50,1009,,,0.7,5.1,123,,0.17,,164,,0.33,
Vector_WRA_FB_46759A,"2021-10-05 05:00:00",,15.5,50,1009.7,,,0.7,3.8,45,,0.24,,214,,0.46,
Vector_WRA_FB_46759A,"2021-10-05 06:00:00",,14.6,48,1010,,,0.7,4.3,101,,0.18,,240,,0.35,
Vector_WRA_FB_46759A,"2021-10-05 07:00:00",,13.5,53,1011.2,,,0.7,4.6,101,,0.15,,251,,0.3,
Vector_WRA_FB_46759A,"2021-10-05 08:00:00",,15,52,1010.7,,,0.9,5,123,,0.08,,197,,0.15,
Vector_WRA_FB_46759A,"2021-10-05 09:00:00",,14.5,49,1010.6,,,0.8,4.6,123,,0.16,,185,,0.32,
Vector_WRA_FB_46759A,"2021-10-05 10:00:00",,14.5,53,1010.9,,,0.7,4.4,123,,0.23,,143,,0.45,
Vector_WRA_FB_46759A,"2021-10-05 11:00:00",,12.4,45,1010.7,,,0.6,4.4,135,,0.51,,122,,0.99,
Vector_WRA_FB_46759A,"2021-10-05 12:00:00",,12.7,47,1009.4,,,0.7,4,157,,0.54,,133,,1.06,
Vector_WRA_FB_46759A,"2021-10-05 13:00:00",,13.1,54,1008.6,,,0.7,4.4,135,,0.59,,123,,1.14,
Vector_WRA_FB_46759A,"2021-10-05 14:00:00",,13.3,52,1007.9,,,0.8,4.5,146,,0.36,,121,,0.71,
Vector_WRA_FB_46759A,"2021-10-05 15:00:00",,13,58,1008.6,,,0.6,4.2,56,,0.04,,294,,0.07,
Vector_WRA_FB_46759A,"2021-10-05 16:00:00",,12.3,57,1008.2,,,0.7,4.8,135,,0.27,,300,,0.52,
Vector_WRA_FB_46759A,"2021-10-05 17:00:00",,12.9,55,1008.6,,,0.7,5.4,146,,0.48,,279,,0.93,
Vector_WRA_FB_46759A,"2021-10-05 18:00:00",,12.2,59,1009.1,,,0.7,5.5,135,,0.6,,273,,1.17,
Vector_WRA_FB_46759A,"2021-10-05 19:00:00",,11.5,59,1009.4,,,1,5.9,135,,0.29,,289,,0.55,
Vector_WRA_FB_46759A,"2021-10-05 20:00:00",,12.1,53,1010.2,,,0.9,5.6,146,,0.32,,290,,0.63,
Vector_WRA_FB_46759A,"2021-10-05 21:00:00",,13.5,51,1010,,,1,5.7,135,,0.08,,324,,0.16,
Vector_WRA_FB_46759A,"2021-10-05 22:00:00",,13.3,53,1009.5,,,1.1,5.4,135,,0.04,,41,,0.09,
Vector_WRA_FB_46759A,"2021-10-05 23:00:00",,13.1,53,1009.8,,,1.1,5.7,135,,0.11,,101,,0.21,
Vector_WRA_FB_46759A,"2021-10-06 00:00:00",,12.4,51,1009.4,,,1,5.6,123,,0.17,,117,,0.34,
Vector_WRA_FB_46759A,"2021-10-06 01:00:00",,12.8,51,1008.7,,,0.8,5.3,135,,0.14,,73,,0.26,
Vector_WRA_FB_46759A,"2021-10-06 02:00:00",,9.3,33,1009.5,,,0.8,6.4,135,,0.21,,62,,0.41,
Vector_WRA_FB_46759A,"2021-10-06 03:00:00",,3.2,39,1010,,,0.9,6.5,135,,0.22,,17,,0.43,
Vector_WRA_FB_46759A,"2021-10-06 04:00:00",,5.9,77,1009.8,,,0.8,5.8,146,,0.12,,307,,0.24,
Vector_WRA_FB_46759A,"2021-10-06 05:00:00",,14.6,52,1009.2,,,1,5.5,135,,0.36,,284,,0.69,
Vector_WRA_FB_46759A,"2021-10-06 06:00:00",,12.7,45,1008.7,,,0.9,6.5,135,,0.53,,286,,1.04,
Vector_WRA_FB_46759A,"2021-10-06 07:00:00",,12.2,51,1008.3,,,1,6.9,123,,0.58,,296,,1.14,
Vector_WRA_FB_46759A,"2021-10-06 08:00:00",,11.8,49,1008.5,,,0.8,6.3,135,,0.56,,307,,1.09,
Vector_WRA_FB_46759A,"2021-10-06 09:00:00",,12.7,51,1008.3,,,0.7,5.6,146,,0.3,,291,,0.59,
Vector_WRA_FB_46759A,"2021-10-06 10:00:00",,12.1,59,1009.2,,,0.7,5.4,123,,0.19,,298,,0.38,
Vector_WRA_FB_46759A,"2021-10-06 11:00:00",,12.1,57,1009.1,,,0.7,5.6,112,,0.1,,156,,0.2,
Vector_WRA_FB_46759A,"2021-10-06 12:00:00",,13,59,1008,,,0.6,4.3,146,,0.41,,141,,0.8,
Vector_WRA_FB_46759A,"2021-10-06 13:00:00",,11.7,57,1007.4,,,0.7,4.6,146,,0.65,,114,,1.27,
Vector_WRA_FB_46759A,"2021-10-06 14:00:00",,11.7,57,1007,,,0.7,4.9,146,,0.5,,90,,0.97,
Vector_WRA_FB_46759A,"2021-10-06 15:00:00",,12.2,56,1005.7,,,0.8,5.3,146,,0.19,,344,,0.38,
Vector_WRA_FB_46759A,"2021-10-06 16:00:00",,11.7,56,1005.8,,,0.6,5.6,135,,0.6,,283,,1.17,
Vector_WRA_FB_46759A,"2021-10-06 17:00:00",,12.6,48,1005.9,,,0.7,6.6,135,,0.96,,284,,1.87,
Vector_WRA_FB_46759A,"2021-10-06 18:00:00",,11.4,55,1006.3,,,0.8,6.2,146,,0.92,,308,,1.78,
Vector_WRA_FB_46759A,"2021-10-06 19:00:00",,12.8,58,1006.8,,,0.8,5.6,135,,0.65,,309,,1.27,
Vector_WRA_FB_46759A,"2021-10-06 20:00:00",,12.9,71,1007.7,,,0.9,5.6,123,,0.57,,315,,1.1,
Vector_WRA_FB_46759A,"2021-10-06 21:00:00",,11.4,54,1008.2,,,0.8,5.5,135,,0.48,,301,,0.93,
Vector_WRA_FB_46759A,"2021-10-06 22:00:00",,11.3,63,1008.2,,,0.8,5.5,135,,0.32,,322,,0.63,
Vector_WRA_FB_46759A,"2021-10-06 23:00:00",,11.1,41,1007.7,,,0.8,6,135,,0.34,,337,,0.65,
Vector_WRA_FB_46759A,"2021-10-07 00:00:00",,10.8,46,1008,,,0.8,6.1,146,,0.2,,359,,0.39,
Vector_WRA_FB_46759A,"2021-10-07 01:00:00",,10.6,68,1008.3,,,0.6,6.1,146,,0.07,,273,,0.13,
Vector_WRA_FB_46759A,"2021-10-07 02:00:00",,10.7,47,1007.9,,,0.6,6.3,123,,0.17,,232,,0.33,
Vector_WRA_FB_46759A,"2021-10-07 03:00:00",,10.3,52,1008.2,,,0.6,6.7,146,,0.31,,263,,0.6,
Vector_WRA_FB_46759A,"2021-10-07 04:00:00",,12.2,46,1007.8,,,0.7,6.5,135,,0.49,,271,,0.96,
Vector_WRA_FB_46759A,"2021-10-07 05:00:00",,11.3,46,1007,,,0.7,5.9,135,,0.71,,279,,1.37,
Vector_WRA_FB_46759A,"2021-10-07 06:00:00",,11.4,46,1006.6,,,0.6,6.1,123,,1.04,,287,,2.03,
Vector_WRA_FB_46759A,"2021-10-07 07:00:00",,9.8,49,1007.5,,,0.6,6.3,135,,0.89,,309,,1.73,
Vector_WRA_FB_46759A,"2021-10-07 08:00:00",,11.3,55,1007.7,,,0.8,6.2,135,,0.58,,290,,1.12,
Vector_WRA_FB_46759A,"2021-10-07 09:00:00",,10,57,1008.6,,,0.8,6.2,135,,0.37,,320,,0.73,
Vector_WRA_FB_46759A,"2021-10-07 10:00:00",,9.7,52,1008.8,,,0.8,5.7,135,,0.21,,330,,0.42,
Vector_WRA_FB_46759A,"2021-10-07 11:00:00",,10.5,64,1008.3,,,0.8,5.6,135,,0.12,,2,,0.23,
Vector_WRA_FB_46759A,"2021-10-07 12:00:00",,10.4,65,1008.1,,,0.8,6,135,,0.23,,29,,0.44,
Vector_WRA_FB_46759A,"2021-10-07 13:00:00",,10.1,65,1007.3,,,0.6,5.4,135,,0.18,,7,,0.35,
Vector_WRA_FB_46759A,"2021-10-07 14:00:00",,9.8,64,1007,,,0.7,6.5,157,,0.06,,250,,0.11,
Vector_WRA_FB_46759A,"2021-10-07 15:00:00",,9.3,87,1007.1,,,,,,,0.31,,250,,0.61,
Vector_WRA_FB_46759A,"2021-10-07 16:00:00",,8.8,76,1006.8,,,0.8,7,168,,0.43,,263,,0.83,
Vector_WRA_FB_46759A,"2021-10-07 17:00:00",,7.3,73,1007.1,,,0.7,6.4,157,,0.71,,276,,1.39,
Vector_WRA_FB_46759A,"2021-10-07 18:00:00",,8.2,59,1007.8,,,0.6,6.4,157,,0.97,,284,,1.88,
Vector_WRA_FB_46759A,"2021-10-07 19:00:00",,8.7,45,1007.9,,,0.7,6.1,168,,0.7,,299,,1.37,
Vector_WRA_FB_46759A,"2021-10-07 20:00:00",,9.2,52,1008.2,,,0.7,6.1,168,,0.52,,299,,1.02,
Vector_WRA_FB_46759A,"2021-10-07 21:00:00",,8.5,48,1008.6,,,0.9,6.6,168,,0.47,,297,,0.91,
Vector_WRA_FB_46759A,"2021-10-07 22:00:00",,7,43,1008.6,,,0.9,6.8,168,,0.41,,276,,0.79,
Vector_WRA_FB_46759A,"2021-10-07 23:00:00",,8.7,48,1009.6,,,1,6.9,168,,0.31,,265,,0.61,
Vector_WRA_FB_46759A,"2021-10-08 00:00:00",,8.9,49,1008.9,,,1,7.3,157,,0.12,,191,,0.24,
Vector_WRA_FB_46759A,"2021-10-08 01:00:00",,8.7,45,1008.2,,,1.1,7.5,202,,0.68,,120,,1.33,
Vector_WRA_FB_46759A,"2021-10-08 02:00:00",,8.6,38,1008,,,1,7.7,191,,0.83,,80,,1.62,
Vector_WRA_FB_46759A,"2021-10-08 03:00:00",,8,43,1007.9,,,1.1,7.4,180,,0.81,,77,,1.57,
Vector_WRA_FB_46759A,"2021-10-08 04:00:00",,10.3,59,1007.6,,,0.9,7.6,168,,0.42,,303,,0.82,
Vector_WRA_FB_46759A,"2021-10-08 05:00:00",,8.4,55,1007.5,,,1,8.3,168,,0.71,,281,,1.38,
Vector_WRA_FB_46759A,"2021-10-08 06:00:00",,9.4,57,1007.8,,,1,7.8,168,,0.96,,282,,1.87,
Vector_WRA_FB_46759A,"2021-10-08 07:00:00",,8.2,50,1008.5,,,0.7,7.5,168,,1.11,,298,,2.15,
Vector_WRA_FB_46759A,"2021-10-08 08:00:00",,9.5,45,1008.4,,,0.9,7.9,168,,0.89,,293,,1.72,
Vector_WRA_FB_46759A,"2021-10-08 09:00:00",,10.4,49,1008.5,,,1.2,7.6,191,,0.83,,300,,1.61,
Vector_WRA_FB_46759A,"2021-10-08 10:00:00",,10.3,47,1009,,,1,7,180,,0.55,,326,,1.07,
Vector_WRA_FB_46759A,"2021-10-08 11:00:00",,9.9,48,1008.7,,,1.1,6.7,180,,0.34,,8,,0.66,
Vector_WRA_FB_46759A,"2021-10-08 12:00:00",,10.6,59,1008.2,,,0.9,6.2,135,,0.25,,47,,0.48,
Vector_WRA_FB_46759A,"2021-10-08 13:00:00",,11.1,62,1007.8,,,0.9,6.6,135,,0.2,,48,,0.39,
Vector_WRA_FB_46759A,"2021-10-08 14:00:00",,9.9,61,1007.5,,,0.9,7.1,180,,0.22,,8,,0.43,
Vector_WRA_FB_46759A,"2021-10-08 15:00:00",,10.2,64,1007.5,,,1,7.2,146,,0.12,,345,,0.23,
Vector_WRA_FB_46759A,"2021-10-08 16:00:00",,9.9,71,1007.3,,,1.1,6.8,157,,0.14,,60,,0.28,
Vector_WRA_FB_46759A,"2021-10-08 17:00:00",,7.8,58,1008.2,,,0.9,6.4,157,,0.27,,249,,0.53,
Vector_WRA_FB_46759A,"2021-10-08 18:00:00",,9.6,73,1008.4,,,0.9,7.4,168,,0.47,,279,,0.92,
Vector_WRA_FB_46759A,"2021-10-08 19:00:00",,9.4,71,1009.5,,,0.9,7.2,180,,1.08,,303,,2.1,
Vector_WRA_FB_46759A,"2021-10-08 20:00:00",,8.9,75,1009.6,,,0.8,7,191,,0.8,,306,,1.55,
Vector_WRA_FB_46759A,"2021-10-08 21:00:00",,9.4,72,1010.1,,,1.1,7.5,180,,0.6,,305,,1.16,
Vector_WRA_FB_46759A,"2021-10-08 22:00:00",,9.4,67,1010,,,0.8,6.5,180,,0.52,,318,,1.02,
Vector_WRA_FB_46759A,"2021-10-08 23:00:00",,10,72,1009.6,,,1.3,7.4,180,,0.45,,355,,0.88,
Vector_WRA_FB_46759A,"2021-10-09 00:00:00",,9.6,64,1009.7,,,1.2,7.2,146,,0.21,,60,,0.41,
Vector_WRA_FB_46759A,"2021-10-09 01:00:00",,11,76,1008.9,,,1.5,7.6,225,,0.27,,153,,0.52,
Vector_WRA_FB_46759A,"2021-10-09 02:00:00",,11.1,64,1008,,,1.1,6.8,213,,0.73,,71,,1.41,
Vector_WRA_FB_46759A,"2021-10-09 03:00:00",,12,59,1007.8,,,1.1,6.8,180,,0.56,,63,,1.09,
Vector_WRA_FB_46759A,"2021-10-09 04:00:00",,11.1,54,1007.3,,,1.2,7.4,146,,0.04,,208,,0.08,
Vector_WRA_FB_46759A,"2021-10-09 05:00:00",,10.7,53,1007.9,,,1.1,7.9,157,,0.45,,259,,0.88,
Vector_WRA_FB_46759A,"2021-10-09 06:00:00",,12.6,51,1008.1,,,1,7.8,157,,0.71,,261,,1.37,
Vector_WRA_FB_46759A,"2021-10-09 07:00:00",,12.7,49,1008.2,,,1.3,8,180,,0.98,,289,,1.91,
Vector_WRA_FB_46759A,"2021-10-09 08:00:00",,12.4,45,1009.5,,,0.9,7.4,180,,1.24,,302,,2.41,
Vector_WRA_FB_46759A,"2021-10-09 09:00:00",,10.6,50,1010.6,,,1.2,7.4,180,,1.04,,293,,2.03,
Vector_WRA_FB_46759A,"2021-10-09 10:00:00",,11.7,48,1009.7,,,1.4,7.1,180,,0.66,,312,,1.29,
Vector_WRA_FB_46759A,"2021-10-09 11:00:00",,11.6,46,1010.3,,,1.5,7.1,157,,0.32,,319,,0.62,
Vector_WRA_FB_46759A,"2021-10-09 12:00:00",,9.7,46,1009.5,,,1.2,7.2,135,,0.23,,17,,0.45,
Vector_WRA_FB_46759A,"2021-10-09 13:00:00",,11.4,55,1008.4,,,1.3,6.6,180,,0.31,,92,,0.59,
Vector_WRA_FB_46759A,"2021-10-09 14:00:00",,10.5,42,1007.5,,,1.2,7.3,213,,0.22,,103,,0.43,
Vector_WRA_FB_46759A,"2021-10-09 15:00:00",,11.9,47,1007.1,,,1.2,7.5,213,,0.24,,73,,0.46,
Vector_WRA_FB_46759A,"2021-10-09 16:00:00",,10.8,51,1007.1,,,1,6.7,157,,0.12,,66,,0.23,
Vector_WRA_FB_46759A,"2021-10-09 17:00:00",,12.3,57,1007.1,,,1.2,7.1,225,,0.1,,243,,0.2,
Vector_WRA_FB_46759A,"2021-10-09 18:00:00",,11.9,50,1007.9,,,1.2,7.5,191,,0.1,,251,,0.2,
Vector_WRA_FB_46759A,"2021-10-09 19:00:00",,10.8,50,1008.2,,,1.2,8.1,157,,0.53,,289,,1.03,
Vector_WRA_FB_46759A,"2021-10-09 20:00:00",,12.9,57,1008.4,,,1.2,8.1,202,,0.76,,292,,1.47,
Vector_WRA_FB_46759A,"2021-10-09 21:00:00",,12.3,55,1008.4,,,1.3,7.7,168,,0.72,,300,,1.39,
Vector_WRA_FB_46759A,"2021-10-09 22:00:00",,12.5,58,1008.4,,,1.6,8.5,202,,0.41,,302,,0.8,
Vector_WRA_FB_46759A,"2021-10-09 23:00:00",,12.3,61,1008.6,,,1.3,6.7,191,,0.11,,297,,0.22,
Vector_WRA_FB_46759A,"2021-10-10 00:00:00",,13.2,61,1008.2,,,1.1,5.6,90,,0.07,,69,,0.13,
Vector_WRA_FB_46759A,"2021-10-10 01:00:00",,11.6,55,1007.5,,,1.1,7.6,168,,0.05,,306,,0.1,
Vector_WRA_FB_46759A,"2021-10-10 02:00:00",,11.4,55,1007.4,,,0.9,7.6,168,,0.16,,182,,0.31,
Vector_WRA_FB_46759A,"2021-10-10 03:00:00",,11.5,44,1007.3,,,1,8.3,202,,0.1,,154,,0.19,
Vector_WRA_FB_46759A,"2021-10-10 04:00:00",,10.5,41,1007.3,,,1,7.8,146,,0.2,,233,,0.39,
Vector_WRA_FB_46759A,"2021-10-10 05:00:00",,11.5,41,1007.1,,,1,8,168,,0.45,,262,,0.87,
Vector_WRA_FB_46759A,"2021-10-10 06:00:00",,13,41,1007,,,0.9,8.3,168,,0.6,,263,,1.16,
Vector_WRA_FB_46759A,"2021-10-10 07:00:00",,11.3,39,1007.4,,,1.2,9.1,202,,1.11,,281,,2.17,
Vector_WRA_FB_46759A,"2021-10-10 08:00:00",,11.4,36,1007.2,,,1.1,7.9,202,,1.14,,293,,2.21,
Vector_WRA_FB_46759A,"2021-10-10 09:00:00",,11.3,36,1007.1,,,1.2,7.7,168,,1.03,,304,,2,
Vector_WRA_FB_46759A,"2021-10-10 10:00:00",,12.1,40,1007.2,,,1.4,7.3,168,,0.83,,307,,1.62,
Vector_WRA_FB_46759A,"2021-10-10 11:00:00",,12.1,43,1006.9,,,1.2,6.6,146,,0.41,,313,,0.79,
Vector_WRA_FB_46759A,"2021-10-10 12:00:00",,13.3,46,1006.2,,,1.4,7.2,281,,0.12,,315,,0.24,
Vector_WRA_FB_46759A,"2021-10-10 13:00:00",,12.7,43,1005.1,,,1.1,6.9,225,,0.03,,226,,0.06,
Vector_WRA_FB_46759A,"2021-10-10 14:00:00",,12.6,44,1004.6,,,1.2,7.7,123,,0.04,,44,,0.08,
Vector_WRA_FB_46759A,"2021-10-10 15:00:00",,11.5,41,1004.9,,,1.3,8.1,101,,0.15,,57,,0.3,
Vector_WRA_FB_46759A,"2021-10-10 16:00:00",,8.8,16,1004.8,,,1.3,8,146,,0.06,,29,,0.12,
Vector_WRA_FB_46759A,"2021-10-10 17:00:00",,8.6,26,1004.8,,,1.9,9.1,123,,0.06,,331,,0.11,
Vector_WRA_FB_46759A,"2021-10-10 18:00:00",,6.3,11,1005.1,,,1.6,8.4,146,,0.17,,298,,0.34,
Vector_WRA_FB_46759A,"2021-10-10 19:00:00",,8.6,35,1005.5,,,1.7,8.3,135,,0.26,,297,,0.5,
Vector_WRA_FB_46759A,"2021-10-10 20:00:00",,12.1,40,1004.8,,,2.2,9.6,135,,0.35,,288,,0.68,
Vector_WRA_FB_46759A,"2021-10-10 21:00:00",,13.4,50,1004.6,,,1.8,7.8,135,,0.33,,279,,0.65,
Vector_WRA_FB_46759A,"2021-10-10 22:00:00",,13.4,40,1003.7,,,2.5,10.2,101,,0.33,,265,,0.64,
Vector_WRA_FB_46759A,"2021-10-10 23:00:00",,11.7,35,1003.6,,,2.9,11.3,112,,0.24,,238,,0.47,
Vector_WRA_FB_46759A,"2021-10-11 00:00:00",,14.1,37,1003.5,,,2.6,11.4,112,,0.24,,203,,0.47,
Vector_WRA_FB_46759A,"2021-10-11 01:00:00",,11.6,18,1002.6,,,1.8,10.8,168,,0.25,,153,,0.48,
Vector_WRA_FB_46759A,"2021-10-11 02:00:00",,10,11,1001.5,,,2.1,11.7,180,,0.46,,133,,0.89,
Vector_WRA_FB_46759A,"2021-10-11 03:00:00",,12.5,26,1000.6,,,2.5,11.2,168,,0.56,,127,,1.1,
Vector_WRA_FB_46759A,"2021-10-11 04:00:00",,12.4,12,999.1,,,1.9,10.9,157,,0.38,,105,,0.73,
Vector_WRA_FB_46759A,"2021-10-11 05:00:00",,14.8,22,998.5,,,1.5,7.9,191,,0.08,,186,,0.16,
Vector_WRA_FB_46759A,"2021-10-11 06:00:00",,14.1,27,998.5,,,1.4,9.3,146,,0.45,,259,,0.87,
Vector_WRA_FB_46759A,"2021-10-11 07:00:00",,16.3,29,999.4,,,1.4,7.2,225,,0.73,,264,,1.41,
Vector_WRA_FB_46759A,"2021-10-11 08:00:00",,15.3,17,,,,1.4,7.9,191,,1.1,,281,,2.13,
Vector_WRA_FB_46759A,"2021-10-11 09:00:00",,16.1,20,998.8,,,1.7,8.1,157,,1.42,,294,,2.75,
Vector_WRA_FB_46759A,"2021-10-11 10:00:00",,15.7,20,997.9,,,1.7,7.3,146,,1.09,,292,,2.11,
Vector_WRA_FB_46759A,"2021-10-11 11:00:00",,14.8,23,998.2,,,1.6,9,157,,0.86,,292,,1.67,
Vector_WRA_FB_46759A,"2021-10-11 12:00:00",,16.6,30,996.8,,,1.5,7,168,,0.71,,292,,1.37,
Vector_WRA_FB_46759A,"2021-10-11 13:00:00",,15,33,995.5,,,2.7,9.6,135,,0.53,,294,,1.03,
Vector_WRA_FB_46759A,"2021-10-11 14:00:00",,15.9,33,994.5,,,3,9.4,123,,0.32,,289,,0.62,
Vector_WRA_FB_46759A,"2021-10-11 15:00:00",,15.4,33,993.2,,,3.2,9.7,123,,0.17,,265,,0.32,
Vector_WRA_FB_46759A,"2021-10-11 16:00:00",,16.8,38,993,,,3.4,9.2,112,,0.08,,254,,0.16,
Vector_WRA_FB_46759A,"2021-10-11 17:00:00",,16.5,37,992.9,,,3.4,9.6,112,,0.01,,292,,0.01,
Vector_WRA_FB_46759A,"2021-10-11 18:00:00",,17.3,32,992.7,,,2.6,8.1,123,,0.07,,109,,0.14,
Vector_WRA_FB_46759A,"2021-10-11 19:00:00",,19.5,35,992.1,,,2.6,7.1,202,,0.13,,109,,0.26,
Vector_WRA_FB_46759A,"2021-10-11 20:00:00",,20,38,992.4,,,2.5,7.2,101,,0.1,,123,,0.19,
Vector_WRA_FB_46759A,"2021-10-11 21:00:00",,17.8,58,993.6,,,2.7,7.7,270,,0.12,,141,,0.24,
Vector_WRA_FB_46759A,"2021-10-11 22:00:00",,17,58,993.4,,,3,7.6,101,,0.15,,118,,0.29,
Vector_WRA_FB_46759A,"2021-10-11 23:00:00",,16,59,993.4,,,4.2,9.3,135,,0.16,,122,,0.31,
Vector_WRA_FB_46759A,"2021-10-12 00:00:00",,14.6,72,993.8,,,3.5,8.6,123,,0.24,,130,,0.47,
Vector_WRA_FB_46759A,"2021-10-12 01:00:00",,14.2,59,992.7,,,2.5,7.2,112,,0.33,,132,,0.65,
Vector_WRA_FB_46759A,"2021-10-12 02:00:00",,15.8,58,992.5,,,3.2,8.1,168,,0.51,,133,,1,
Vector_WRA_FB_46759A,"2021-10-12 03:00:00",,15.8,65,992.8,,,3,8.3,135,,0.6,,121,,1.16,
Vector_WRA_FB_46759A,"2021-10-12 04:00:00",,15.2,58,993.3,,,2.6,8,146,,0.68,,123,,1.33,
Vector_WRA_FB_46759A,"2021-10-12 05:00:00",,14.6,52,993.4,,,2.7,8.1,146,,0.66,,117,,1.28,
Vector_WRA_FB_46759A,"2021-10-12 06:00:00",,15.1,69,994.9,,,2.7,7.8,146,,0.54,,119,,1.05,
Vector_WRA_FB_46759A,"2021-10-12 07:00:00",,13.5,59,996.2,,,2.5,7.9,146,,0.44,,110,,0.85,
Vector_WRA_FB_46759A,"2021-10-12 08:00:00",,13,71,997.3,,,2.3,7.3,135,,0.26,,94,,0.5,
Vector_WRA_FB_46759A,"2021-10-12 09:00:00",,14.4,83,998.3,,,2.7,7.4,135,,0.05,,153,,0.09,
Vector_WRA_FB_46759A,"2021-10-12 10:00:00",,11.4,87,,,,2.4,6.9,146,,0.2,,297,,0.38,
Vector_WRA_FB_46759A,"2021-10-12 11:00:00",,10.5,87,998.9,,,2.8,7.6,135,,0.26,,279,,0.51,
Vector_WRA_FB_46759A,"2021-10-12 12:00:00",,14.2,82,998.3,,,2.7,7.5,135,,0.29,,320,,0.56,
Vector_WRA_FB_46759A,"2021-10-12 13:00:00",,14.3,70,997.6,,,2.9,7.4,135,,0.34,,314,,0.67,
Vector_WRA_FB_46759A,"2021-10-12 14:00:00",,14.6,84,997.7,,,2.6,7.5,135,,0.46,,296,,0.89,
Vector_WRA_FB_46759A,"2021-10-12 15:00:00",,14.9,81,998.5,,,2.6,7.3,146,,0.5,,294,,0.96,
Vector_WRA_FB_46759A,"2021-10-12 16:00:00",,15.2,83,999.2,,,3.2,7.8,135,,0.34,,292,,0.66,
Vector_WRA_FB_46759A,"2021-10-12 17:00:00",,13.9,82,1000.2,,,3,7.5,135,,0.24,,315,,0.47,
Vector_WRA_FB_46759A,"2021-10-12 18:00:00",,13.3,78,1000.9,,,3.1,8.3,135,,0.12,,317,,0.22,
Vector_WRA_FB_46759A,"2021-10-12 19:00:00",,13.4,81,1002,,,3.6,8.2,135,,0.04,,297,,0.07,
Vector_WRA_FB_46759A,"2021-10-12 20:00:00",,12.9,85,1002.6,,,2.8,7.9,135,,0.16,,246,,0.3,
Vector_WRA_FB_46759A,"2021-10-12 21:00:00",,12,85,1003.7,,,3,7.7,157,,0.08,,244,,0.15,
Vector_WRA_FB_46759A,"2021-10-12 22:00:00",,11.2,85,1004.1,,,3.5,7.9,157,,0.06,,251,,0.12,
Vector_WRA_FB_46759A,"2021-10-12 23:00:00",,11,87,1004.2,,,3.5,8.8,157,,0.06,,276,,0.11,
Vector_WRA_FB_46759A,"2021-10-13 00:00:00",,11.1,90,1004.6,,,3.5,8.1,180,,0.04,,138,,0.08,
Vector_WRA_FB_46759A,"2021-10-13 01:00:00",,11.6,96,1004.9,,,3.7,8.1,180,,0.34,,98,,0.67,
Vector_WRA_FB_46759A,"2021-10-13 02:00:00",,9.6,84,1004.6,,,3,7.8,180,,0.37,,104,,0.73,
Vector_WRA_FB_46759A,"2021-10-13 03:00:00",,9.3,68,1004.1,,,2.5,7.4,157,,0.45,,114,,0.88,
Vector_WRA_FB_46759A,"2021-10-13 04:00:00",,8,77,1005,,,2.9,8.3,168,,0.53,,110,,1.04,
Vector_WRA_FB_46759A,"2021-10-13 05:00:00",,9.9,50,1005.2,,,2.9,8.4,157,,0.65,,118,,1.26,
Vector_WRA_FB_46759A,"2021-10-13 06:00:00",,9.9,62,1006,,,3,8.4,180,,0.49,,113,,0.96,
Vector_WRA_FB_46759A,"2021-10-13 07:00:00",,8.6,68,1006.7,,,2.8,8.3,191,,0.18,,83,,0.34,
Vector_WRA_FB_46759A,"2021-10-13 08:00:00",,9.4,73,1007.2,,,1.9,7.4,157,,0.31,,313,,0.61,
Vector_WRA_FB_46759A,"2021-10-13 09:00:00",,9.7,80,1008.1,,,1.9,7.8,168,,0.67,,294,,1.31,
Vector_WRA_FB_46759A,"2021-10-13 10:00:00",,9.5,100,1008.2,,,2.1,7.9,168,,0.84,,284,,1.64,
Vector_WRA_FB_46759A,"2021-10-13 11:00:00",,8.4,128,1007.9,,,1.9,7,180,,0.92,,303,,1.79,
Vector_WRA_FB_46759A,"2021-10-13 12:00:00",,6.6,121,1007.2,,,2.3,7.4,191,,0.69,,321,,1.34,
Vector_WRA_FB_46759A,"2021-10-13 13:00:00",,6.2,78,1007.5,,,2.6,7.9,180,,0.48,,330,,0.94,
Vector_WRA_FB_46759A,"2021-10-13 14:00:00",,4.8,62,1006.9,,,2.7,8.2,202,,0.31,,337,,0.6,
Vector_WRA_FB_46759A,"2021-10-13 15:00:00",,5.2,67,1006.8,,,2.6,8,213,,0.21,,339,,0.41,
Vector_WRA_FB_46759A,"2021-10-13 16:00:00",,4.7,47,1006.8,,,2.5,7.6,191,,0.12,,360,,0.23,
Vector_WRA_FB_46759A,"2021-10-13 17:00:00",,6.5,358,1006.9,,,2.4,7.7,225,,0.08,,18,,0.15,
Vector_WRA_FB_46759A,"2021-10-13 18:00:00",,,,1008.2,,,2.3,8.2,225,,0.12,,100,,0.23,
Vector_WRA_FB_46759A,"2021-10-13 19:00:00",,4.7,26,1009.1,,,2.3,8.2,202,,0.09,,88,,0.17,
Vector_WRA_FB_46759A,"2021-10-13 20:00:00",,7.6,49,1009.3,,,2.2,8.3,236,,0.1,,116,,0.2,
Vector_WRA_FB_46759A,"2021-10-13 21:00:00",,6.7,46,1009.4,,,2,8.5,236,,0.15,,125,,0.29,
Vector_WRA_FB_46759A,"2021-10-13 22:00:00",,7.3,47,1009.7,,,2.1,8.6,247,,0.13,,137,,0.25,
Vector_WRA_FB_46759A,"2021-10-13 23:00:00",,5.8,55,1009.7,,,2.1,8.4,236,,0.17,,133,,0.32,
Vector_WRA_FB_46759A,"2021-10-14 00:00:00",,5.9,75,1009.6,,,2.3,8.4,236,,0.21,,142,,0.41,
Vector_WRA_FB_46759A,"2021-10-14 01:00:00",,6.4,55,1008.7,,,1.9,7.9,225,,0.3,,140,,0.58,
Vector_WRA_FB_46759A,"2021-10-14 02:00:00",,4.1,34,1007.7,,,1.9,8,213,,0.48,,105,,0.94,
Vector_WRA_FB_46759A,"2021-10-14 03:00:00",,6,1,1008.1,,,1.6,7.8,202,,0.55,,108,,1.08,
Vector_WRA_FB_46759A,"2021-10-14 04:00:00",,10.1,12,1007.3,,,1.9,8.3,202,,0.73,,112,,1.42,
Vector_WRA_FB_46759A,"2021-10-14 05:00:00",,9.1,98,1008.6,,,1.5,7.4,202,,0.72,,106,,1.4,
Vector_WRA_FB_46759A,"2021-10-14 06:00:00",,4.6,101,1009.9,,,1.9,7.8,202,,0.51,,98,,0.99,
Vector_WRA_FB_46759A,"2021-10-14 07:00:00",,5.4,100,1010.5,,,1.5,7.7,180,,0.19,,75,,0.37,
Vector_WRA_FB_46759A,"2021-10-14 08:00:00",,6.9,67,1010.7,,,1.6,8,191,,0.3,,302,,0.59,
Vector_WRA_FB_46759A,"2021-10-14 09:00:00",,7.3,51,1011.1,,,1.7,8.1,180,,0.58,,275,,1.13,
Vector_WRA_FB_46759A,"2021-10-14 10:00:00",,8.5,41,1011,,,1.9,8.6,202,,0.97,,275,,1.88,
Vector_WRA_FB_46759A,"2021-10-14 11:00:00",,8.7,43,1010.6,,,1.7,8.1,202,,0.96,,302,,1.86,
Vector_WRA_FB_46759A,"2021-10-14 12:00:00",,5.8,32,1009.9,,,1.6,8.1,225,,1.18,,302,,2.3,
Vector_WRA_FB_46759A,"2021-10-14 13:00:00",,9.6,42,1008.9,,,1.6,8.2,213,,0.89,,310,,1.74,
Vector_WRA_FB_46759A,"2021-10-14 14:00:00",,9.2,39,1008.4,,,1.4,8.2,225,,0.76,,317,,1.48,
Vector_WRA_FB_46759A,"2021-10-14 15:00:00",,8.7,35,1008.5,,,1.7,8.2,225,,0.61,,299,,1.19,
Vector_WRA_FB_46759A,"2021-10-14 16:00:00",,9,39,1008.4,,,1.5,8.2,213,,0.63,,296,,1.22,
Vector_WRA_FB_46759A,"2021-10-14 17:00:00",,9.4,41,1008.4,,,1.3,8,202,,0.52,,301,,1.01,
Vector_WRA_FB_46759A,"2021-10-14 18:00:00",,12.5,42,1008.8,,,1.3,7.7,247,,0.5,,296,,0.98,
Vector_WRA_FB_46759A,"2021-10-14 19:00:00",,9.7,44,1009.4,,,1.4,7.9,225,,0.3,,291,,0.58,
Vector_WRA_FB_46759A,"2021-10-14 20:00:00",,9,40,1009.9,,,1.2,7.4,191,,0.21,,298,,0.41,
Vector_WRA_FB_46759A,"2021-10-14 21:00:00",,12.7,46,1010.1,,,,,,,0.15,,289,,0.29,
Vector_WRA_FB_46759A,"2021-10-14 22:00:00",,10.1,50,1010.1,,,1.2,7.7,247,,0.12,,346,,0.23,
Vector_WRA_FB_46759A,"2021-10-14 23:00:00",,8.7,66,1010.4,,,1.2,7.5,225,,0.1,,338,,0.2,
Vector_WRA_FB_46759A,"2021-10-15 00:00:00",,9.9,56,1009.7,,,1.2,6.7,202,,0.09,,298,,0.18,
Vector_WRA_FB_46759A,"2021-10-15 01:00:00",,11,66,1009.6,,,1.3,7.6,191,,0.07,,326,,0.14,
Vector_WRA_FB_46759A,"2021-10-15 02:00:00",,10.4,51,1009.5,,,1.2,7,225,,0.1,,73,,0.19,
Vector_WRA_FB_46759A,"2021-10-15 03:00:00",,9.6,55,1008.6,,,1.2,6.7,202,,0.14,,66,,0.27,
Vector_WRA_FB_46759A,"2021-10-15 04:00:00",,10.2,44,1008,,,1.4,7.3,236,,0.16,,75,,0.31,
Vector_WRA_FB_46759A,"2021-10-15 05:00:00",,10.3,54,1008.4,,,1.4,6.8,247,,0.22,,92,,0.43,
Vector_WRA_FB_46759A,"2021-10-15 06:00:00",,10.3,53,1008.5,,,1.4,6.6,213,,0.2,,106,,0.39,
Vector_WRA_FB_46759A,"2021-10-15 07:00:00",,11.4,64,1009.4,,,1.4,6.8,202,,0.25,,122,,0.49,
Vector_WRA_FB_46759A,"2021-10-15 08:00:00",,11.3,56,1009.7,,,1.4,6.8,213,,0.37,,111,,0.72,
Vector_WRA_FB_46759A,"2021-10-15 09:00:00",,12.2,61,1009.7,,,1.2,6,146,,0.36,,111,,0.7,
Vector_WRA_FB_46759A,"2021-10-15 10:00:00",,12.4,66,1009.6,,,1,5.7,191,,0.08,,170,,0.16,
Vector_WRA_FB_46759A,"2021-10-15 11:00:00",,12.5,62,1009.4,,,0.9,6.4,157,,0.31,,272,,0.59,
Vector_WRA_FB_46759A,"2021-10-15 12:00:00",,12.1,66,1009.3,,,1,7,191,,0.47,,274,,0.91,
Vector_WRA_FB_46759A,"2021-10-15 13:00:00",,12.7,70,1009,,,0.8,6.6,168,,0.74,,279,,1.44,
Vector_WRA_FB_46759A,"2021-10-15 14:00:00",,11.9,62,1008.9,,,1,7,213,,0.89,,288,,1.73,
Vector_WRA_FB_46759A,"2021-10-15 15:00:00",,11.4,49,1008.4,,,0.8,6.3,202,,0.65,,283,,1.26,
Vector_WRA_FB_46759A,"2021-10-15 16:00:00",,11.5,49,1008.4,,,1,6.3,135,,0.41,,295,,0.79,
Vector_WRA_FB_46759A,"2021-10-15 17:00:00",,10.5,48,1008.9,,,1,6.1,135,,0.27,,307,,0.52,
Vector_WRA_FB_46759A,"2021-10-15 18:00:00",,8.9,56,1009.3,,,1.1,6.2,135,,0.2,,311,,0.38,
Vector_WRA_FB_46759A,"2021-10-15 19:00:00",,9.9,55,1009.9,,,1,6.3,146,,0.16,,324,,0.31,
Vector_WRA_FB_46759A,"2021-10-15 20:00:00",,9.8,54,1010.9,,,0.9,5.9,146,,0.09,,322,,0.18,
Vector_WRA_FB_46759A,"2021-10-15 21:00:00",,11.2,62,1011,,,1.1,6.5,123,,0.12,,55,,0.24,
Vector_WRA_FB_46759A,"2021-10-15 22:00:00",,10.3,60,1010.9,,,1.1,6.2,135,,0.18,,68,,0.34,
Vector_WRA_FB_46759A,"2021-10-15 23:00:00",,10.2,66,1010.7,,,0.9,5.9,135,,0.2,,85,,0.39,
Vector_WRA_FB_46759A,"2021-10-16 00:00:00",,9.6,57,1010.9,,,1.1,6.3,135,,0.17,,94,,0.33,
Vector_WRA_FB_46759A,"2021-10-16 01:00:00",,8.2,56,1010.5,,,1.2,6.3,135,,0.18,,106,,0.36,
Vector_WRA_FB_46759A,"2021-10-16 02:00:00",,7.4,29,1009.9,,,1,6.2,123,,0.13,,114,,0.26,
Vector_WRA_FB_46759A,"2021-10-16 03:00:00",,8.2,32,1010.1,,,1,5.9,135,,0.15,,92,,0.28,
Vector_WRA_FB_46759A,"2021-10-16 04:00:00",,8.8,38,1010.4,,,0.8,6.2,135,,0.11,,86,,0.22,
Vector_WRA_FB_46759A,"2021-10-16 05:00:00",,9.4,49,1010.2,,,0.7,5.4,146,,0.1,,81,,0.2,
Vector_WRA_FB_46759A,"2021-10-16 06:00:00",,9.4,52,1011,,,0.7,6,135,,0.14,,97,,0.27,
Vector_WRA_FB_46759A,"2021-10-16 07:00:00",,9.8,58,1011.2,,,0.8,5.6,146,,0.16,,101,,0.31,
Vector_WRA_FB_46759A,"2021-10-16 08:00:00",,10.4,49,1011.9,,,0.6,5.5,123,,0.21,,132,,0.41,
Vector_WRA_FB_46759A,"2021-10-16 09:00:00",,9.7,49,1012.3,,,0.7,5.8,123,,0.29,,115,,0.57,
Vector_WRA_FB_46759A,"2021-10-16 10:00:00",,9.6,61,1012.4,,,0.6,5.6,135,,0.3,,112,,0.59,
Vector_WRA_FB_46759A,"2021-10-16 11:00:00",,10.2,58,1012.2,,,0.5,5.1,135,,0.08,,77,,0.16,
Vector_WRA_FB_46759A,"2021-10-16 12:00:00",,9.1,54,1012.4,,,0.4,5.5,146,,0.33,,275,,0.64,
Vector_WRA_FB_46759A,"2021-10-16 13:00:00",,10.6,46,1011.8,,,0.4,5.1,135,,0.59,,275,,1.15,
Vector_WRA_FB_46759A,"2021-10-16 14:00:00",,9.4,44,1011.4,,,0.4,5.8,146,,0.88,,291,,1.71,
Vector_WRA_FB_46759A,"2021-10-16 15:00:00",,9.6,49,1011.2,,,0.4,5.6,157,,0.7,,300,,1.36,
Vector_WRA_FB_46759A,"2021-10-16 16:00:00",,9.3,47,1011.5,,,0.4,5.5,146,,0.6,,295,,1.17,
Vector_WRA_FB_46759A,"2021-10-16 17:00:00",,9.1,45,1012,,,0.6,5.9,135,,0.48,,299,,0.92,
Vector_WRA_FB_46759A,"2021-10-16 18:00:00",,8,53,1012.5,,,0.7,5.9,135,,0.28,,293,,0.54,
Vector_WRA_FB_46759A,"2021-10-16 19:00:00",,9.5,53,1012.9,,,0.7,5.7,135,,0.13,,273,,0.25,
Vector_WRA_FB_46759A,"2021-10-16 20:00:00",,10.7,55,1014.1,,,0.7,5.3,123,,0.05,,35,,0.1,
Vector_WRA_FB_46759A,"2021-10-16 21:00:00",,11,52,1014.3,,,0.7,5.6,135,,0.14,,90,,0.27,
Vector_WRA_FB_46759A,"2021-10-16 22:00:00",,9.6,55,1014.6,,,0.7,5.5,135,,0.22,,101,,0.43,
Vector_WRA_FB_46759A,"2021-10-16 23:00:00",,11.5,47,1013.9,,,0.7,5.3,135,,0.3,,109,,0.58,
Vector_WRA_FB_46759A,"2021-10-17 00:00:00",,11.7,47,1013.7,,,0.8,4.6,123,,0.43,,115,,0.83,
Vector_WRA_FB_46759A,"2021-10-17 01:00:00",,12,44,1013.2,,,0.8,5,123,,0.37,,106,,0.71,
Vector_WRA_FB_46759A,"2021-10-17 02:00:00",,12.8,39,1013.3,,,0.8,5,123,,0.32,,110,,0.62,
Vector_WRA_FB_46759A,"2021-10-17 03:00:00",,12.8,39,1013.2,,,0.7,4.5,135,,0.24,,127,,0.46,
Vector_WRA_FB_46759A,"2021-10-17 04:00:00",,12.8,47,1013.4,,,0.7,5.3,123,,0.04,,187,,0.07,
Vector_WRA_FB_46759A,"2021-10-17 05:00:00",,16.2,49,1013,,,0.9,3.7,45,,0.11,,263,,0.21,
Vector_WRA_FB_46759A,"2021-10-17 06:00:00",,15.1,42,1013.7,,,,,,,0.05,,241,,0.1,
Vector_WRA_FB_46759A,"2021-10-17 07:00:00",,14.6,45,1015,,,0.6,4.4,146,,0.16,,211,,0.31,
Vector_WRA_FB_46759A,"2021-10-17 08:00:00",,16.9,44,1015.9,,,0.7,3.4,56,,0.17,,163,,0.34,
Vector_WRA_FB_46759A,"2021-10-17 09:00:00",,16.4,49,1015.9,,,0.7,3.6,56,,0.16,,131,,0.31,
Vector_WRA_FB_46759A,"2021-10-17 10:00:00",,15.1,45,1016.1,,,0.7,3.5,56,,0.12,,99,,0.24,
Vector_WRA_FB_46759A,"2021-10-17 11:00:00",,16.7,44,1015.2,,,0.6,3.4,56,,0.15,,122,,0.29,
Vector_WRA_FB_46759A,"2021-10-17 12:00:00",,16.8,50,1014.4,,,0.7,3.5,56,,0.08,,198,,0.16,
Vector_WRA_FB_46759A,"2021-10-17 13:00:00",,17.4,51,1014.1,,,0.8,3.2,56,,0.27,,265,,0.52,
Vector_WRA_FB_46759A,"2021-10-17 14:00:00",,16.9,48,1013.5,,,,,,,0.47,,277,,0.92,
Vector_WRA_FB_46759A,"2021-10-17 15:00:00",,17.6,47,1013,,,0.8,3.2,33,,0.9,,287,,1.75,
Vector_WRA_FB_46759A,"2021-10-17 16:00:00",,17.5,45,1013.3,,,0.8,3.2,22,,0.77,,292,,1.49,
Vector_WRA_FB_46759A,"2021-10-17 17:00:00",,18.5,50,1013.1,,,1,3.5,33,,0.5,,289,,0.97,
Vector_WRA_FB_46759A,"2021-10-17 18:00:00",,16.9,44,1013.9,,,1,3.8,45,,0.34,,292,,0.66,
Vector_WRA_FB_46759A,"2021-10-17 19:00:00",,15.6,45,1015.1,,,1.1,4.7,270,,0.21,,287,,0.4,
Vector_WRA_FB_46759A,"2021-10-17 20:00:00",,16,45,1015.5,,,1.2,4.2,56,,0.05,,339,,0.1,
Vector_WRA_FB_46759A,"2021-10-17 21:00:00",,16,41,1015.7,,,1.1,4.5,123,,0.08,,158,,0.15,
Vector_WRA_FB_46759A,"2021-10-17 22:00:00",,15.9,44,1015.8,,,1,3.8,56,,0.21,,134,,0.41,
Vector_WRA_FB_46759A,"2021-10-17 23:00:00",,14.4,41,1016.2,,,0.9,4.7,135,,0.23,,137,,0.44,
Vector_WRA_FB_46759A,"2021-10-18 00:00:00",,15.8,46,1014.6,,,0.8,4,56,,0.26,,120,,0.5,
Vector_WRA_FB_46759A,"2021-10-18 01:00:00",,15.4,50,1014.6,,,0.8,3.9,56,,0.34,,117,,0.67,
Vector_WRA_FB_46759A,"2021-10-18 02:00:00",,14.3,45,1014.5,,,0.7,4.6,135,,0.28,,123,,0.53,
Vector_WRA_FB_46759A,"2021-10-18 03:00:00",,13.6,43,1014.1,,,0.7,4.3,135,,0.24,,119,,0.48,
Vector_WRA_FB_46759A,"2021-10-18 04:00:00",,13.9,42,1014.4,,,0.8,4.6,101,,0.16,,143,,0.31,
Vector_WRA_FB_46759A,"2021-10-18 05:00:00",,13.9,54,1014.2,,,0.8,4.9,90,,0.13,,170,,0.25,
Vector_WRA_FB_46759A,"2021-10-18 06:00:00",,13.8,51,1015,,,0.7,5.4,112,,0.07,,183,,0.13,
Vector_WRA_FB_46759A,"2021-10-18 07:00:00",,12.5,44,1015.9,,,0.7,6,135,,0.07,,132,,0.14,
Vector_WRA_FB_46759A,"2021-10-18 08:00:00",,12.5,43,1016.5,,,0.7,5.4,135,,0.16,,113,,0.31,
Vector_WRA_FB_46759A,"2021-10-18 09:00:00",,11.9,42,1016.9,,,0.8,5.7,135,,0.29,,140,,0.56,
Vector_WRA_FB_46759A,"2021-10-18 10:00:00",,12.2,44,1017,,,0.7,6,135,,0.29,,160,,0.57,
Vector_WRA_FB_46759A,"2021-10-18 11:00:00",,13.4,50,1016.4,,,0.8,5.5,135,,0.31,,138,,0.61,
Vector_WRA_FB_46759A,"2021-10-18 12:00:00",,13.4,47,1015.7,,,0.7,4.1,56,,0.32,,119,,0.63,
Vector_WRA_FB_46759A,"2021-10-18 13:00:00",,12.7,49,1014.9,,,0.5,4.2,56,,0.29,,128,,0.56,
Vector_WRA_FB_46759A,"2021-10-18 14:00:00",,13.6,46,1014.3,,,0.6,4.6,225,,0.26,,163,,0.51,
Vector_WRA_FB_46759A,"2021-10-18 15:00:00",,12.8,51,1014.2,,,0.5,5.2,112,,0.07,,170,,0.14,
Vector_WRA_FB_46759A,"2021-10-18 16:00:00",,12.3,51,1014.3,,,0.5,5.2,123,,0.04,,272,,0.07,
Vector_WRA_FB_46759A,"2021-10-18 17:00:00",,12.5,58,1014.6,,,0.5,5.4,135,,0.09,,263,,0.17,
Vector_WRA_FB_46759A,"2021-10-18 18:00:00",,12.6,55,1015,,,0.5,4.7,135,,0.21,,275,,0.41,
Vector_WRA_FB_46759A,"2021-10-18 19:00:00",,11.6,46,1015.9,,,0.6,5.1,146,,0.3,,300,,0.58,
Vector_WRA_FB_46759A,"2021-10-18 20:00:00",,11.2,51,1016.6,,,0.6,5.6,135,,0.22,,317,,0.42,
Vector_WRA_FB_46759A,"2021-10-18 21:00:00",,11.1,47,1016.9,,,0.8,5.2,135,,0.06,,38,,0.11,
Vector_WRA_FB_46759A,"2021-10-18 22:00:00",,9.4,46,1017.7,,,0.5,5,146,,0.11,,71,,0.21,
Vector_WRA_FB_46759A,"2021-10-18 23:00:00",,9.4,45,1017.6,,,0.5,5.3,135,,0.2,,88,,0.38,
Vector_WRA_FB_46759A,"2021-10-19 00:00:00",,9.4,42,1016.6,,,0.7,5.5,135,,0.29,,112,,0.57,
Vector_WRA_FB_46759A,"2021-10-19 01:00:00",,7.8,44,1016.7,,,0.7,5.6,135,,0.28,,113,,0.54,
Vector_WRA_FB_46759A,"2021-10-19 02:00:00",,7.7,44,1016,,,0.8,6.3,146,,0.3,,113,,0.59,
Vector_WRA_FB_46759A,"2021-10-19 03:00:00",,7.6,43,1015.5,,,0.6,5.6,135,,0.23,,118,,0.45,
Vector_WRA_FB_46759A,"2021-10-19 04:00:00",,7.3,48,1015.2,,,0.6,5.6,135,,0.12,,120,,0.23,
Vector_WRA_FB_46759A,"2021-10-19 05:00:00",,7.2,47,1016,,,0.6,5.9,123,,0.01,,180,,0.01,
Vector_WRA_FB_46759A,"2021-10-19 06:00:00",,6.8,44,1016.2,,,0.5,5.6,135,,0.12,,307,,0.23,
Vector_WRA_FB_46759A,"2021-10-19 07:00:00",,6.7,43,1017,,,0.5,5.5,135,,0.12,,316,,0.24,
Vector_WRA_FB_46759A,"2021-10-19 08:00:00",,7.3,51,1017.8,,,0.6,5.7,146,,0.05,,13,,0.1,
Vector_WRA_FB_46759A,"2021-10-19 09:00:00",,7.5,42,1018.3,,,0.6,5.4,123,,0.15,,78,,0.29,
Vector_WRA_FB_46759A,"2021-10-19 10:00:00",,8.5,43,1017.9,,,0.6,5.4,135,,0.32,,96,,0.62,
Vector_WRA_FB_46759A,"2021-10-19 11:00:00",,7.9,47,1017.6,,,0.5,5.5,135,,0.51,,119,,1,
Vector_WRA_FB_46759A,"2021-10-19 12:00:00",,9.2,41,1016.3,,,0.5,5.1,123,,0.55,,110,,1.07,
Vector_WRA_FB_46759A,"2021-10-19 13:00:00",,9,51,1015.1,,,0.5,5.1,135,,0.53,,112,,1.02,
Vector_WRA_FB_46759A,"2021-10-19 14:00:00",,9.2,53,1014.2,,,0.5,4.9,135,,0.39,,113,,0.76,
Vector_WRA_FB_46759A,"2021-10-19 15:00:00",,9.2,52,1014.3,,,0.4,4.9,135,,0.07,,120,,0.13,
Vector_WRA_FB_46759A,"2021-10-19 16:00:00",,9.3,47,1014.8,,,0.4,5.3,146,,0.15,,339,,0.29,
Vector_WRA_FB_46759A,"2021-10-19 17:00:00",,8.2,55,1015.3,,,0.4,5.4,146,,0.19,,317,,0.37,
Vector_WRA_FB_46759A,"2021-10-19 18:00:00",,8.4,64,1015.3,,,0.4,5,146,,0.14,,317,,0.27,
Vector_WRA_FB_46759A,"2021-10-19 19:00:00",,8.1,61,1016.1,,,0.4,5.1,135,,0.04,,54,,0.07,
Vector_WRA_FB_46759A,"2021-10-19 20:00:00",,7,52,1017.1,,,0.4,4.8,135,,0.2,,114,,0.39,
Vector_WRA_FB_46759A,"2021-10-19 21:00:00",,8.1,53,1017.2,,,0.4,5.4,135,,0.27,,121,,0.53,
Vector_WRA_FB_46759A,"2021-10-19 22:00:00",,8.4,45,1017.4,,,0.5,5.2,146,,0.34,,121,,0.66,
Vector_WRA_FB_46759A,"2021-10-19 23:00:00",,9.4,56,1016.7,,,0.5,5.4,135,,0.24,,130,,0.46,
Vector_WRA_FB_46759A,"2021-10-20 00:00:00",,8.8,56,1016.6,,,,,,,0.23,,114,,0.45,
Vector_WRA_FB_46759A,"2021-10-20 01:00:00",,7.6,57,1016.2,,,0.3,5,146,,0.31,,112,,0.61,
Vector_WRA_FB_46759A,"2021-10-20 02:00:00",,6.9,57,1015.7,,,0.3,5.1,157,,0.08,,93,,0.16,
Vector_WRA_FB_46759A,"2021-10-20 03:00:00",,6.3,46,1015.5,,,0.3,4.9,135,,0.16,,303,,0.31,
Vector_WRA_FB_46759A,"2021-10-20 04:00:00",,6.1,29,1015.5,,,0.3,5,123,,0.27,,283,,0.52,
Vector_WRA_FB_46759A,"2021-10-20 05:00:00",,4.1,17,1015.5,,,0.3,5.1,135,,0.52,,284,,1.01,
Vector_WRA_FB_46759A,"2021-10-20 06:00:00",,5.9,27,1016,,,0.3,5.3,146,,0.73,,306,,1.43,
Vector_WRA_FB_46759A,"2021-10-20 07:00:00",,7.2,35,1016.6,,,0.3,5.3,135,,0.71,,300,,1.39,
Vector_WRA_FB_46759A,"2021-10-20 08:00:00",,8,39,1016.9,,,0.2,5.3,146,,0.53,,319,,1.03,
Vector_WRA_FB_46759A,"2021-10-20 09:00:00",,8.9,46,1016.9,,,0.3,5.3,146,,0.44,,309,,0.85,
Vector_WRA_FB_46759A,"2021-10-20 10:00:00",,10.6,56,1016.9,,,0.4,5.5,168,,0.2,,312,,0.39,
Vector_WRA_FB_46759A,"2021-10-20 11:00:00",,8.1,54,1016.6,,,0.4,4.9,146,,0.12,,333,,0.24,
Vector_WRA_FB_46759A,"2021-10-20 12:00:00",,8,40,1015.5,,,0.4,5.2,168,,0.17,,349,,0.33,
Vector_WRA_FB_46759A,"2021-10-20 13:00:00",,6.5,71,1014.8,,,0.4,5,157,,0.06,,316,,0.12,
Vector_WRA_FB_46759A,"2021-10-20 14:00:00",,5.8,75,1014.6,,,0.3,4.8,135,,0.06,,252,,0.12,
Vector_WRA_FB_46759A,"2021-10-20 15:00:00",,6.3,60,1014.2,,,0.3,4.5,135,,0.21,,264,,0.4,
Vector_WRA_FB_46759A,"2021-10-20 16:00:00",,5.8,46,1013.8,,,0.3,4.8,135,,0.49,,269,,0.95,
Vector_WRA_FB_46759A,"2021-10-20 17:00:00",,4.5,43,1013.8,,,0.3,5,135,,0.86,,313,,1.68,
Vector_WRA_FB_46759A,"2021-10-20 18:00:00",,4.7,46,1013.9,,,0.3,5,168,,0.97,,313,,1.89,
Vector_WRA_FB_46759A,"2021-10-20 19:00:00",,3.8,43,1014.3,,,0.4,5.4,146,,0.8,,311,,1.56,
Vector_WRA_FB_46759A,"2021-10-20 20:00:00",,3.8,29,1015,,,0.3,5,146,,0.59,,323,,1.16,
Vector_WRA_FB_46759A,"2021-10-20 21:00:00",,3.2,20,1015,,,0.4,5.2,146,,0.31,,355,,0.6,
Vector_WRA_FB_46759A,"2021-10-20 22:00:00",,2.9,22,1014.8,,,0.5,5.4,146,,0.26,,75,,0.51,
Vector_WRA_FB_46759A,"2021-10-20 23:00:00",,1.2,20,1014.3,,,0.6,6.1,123,,0.29,,76,,0.56,
Vector_WRA_FB_46759A,"2021-10-21 00:00:00",,1.2,31,1014.1,,,0.4,5,123,,0.17,,63,,0.32,
Vector_WRA_FB_46759A,"2021-10-21 01:00:00",,,,1013.6,,,0.3,5.3,123,,0.24,,100,,0.46,
Vector_WRA_FB_46759A,"2021-10-21 02:00:00",,1.6,310,1012.7,,,0.3,4.9,157,,0.16,,108,,0.31,
Vector_WRA_FB_46759A,"2021-10-21 03:00:00",,1.6,244,1012.4,,,0.3,4.8,157,,0.22,,322,,0.43,
Vector_WRA_FB_46759A,"2021-10-21 04:00:00",,3.1,270,1012,,,0.3,5.3,157,,0.43,,278,,0.83,
Vector_WRA_FB_46759A,"2021-10-21 05:00:00",,3.1,283,1012.2,,,0.2,4.7,180,,0.67,,285,,1.3,
Vector_WRA_FB_46759A,"2021-10-21 06:00:00",,3.2,331,1012.2,,,0.4,5.6,135,,0.75,,290,,1.45,
Vector_WRA_FB_46759A,"2021-10-21 07:00:00",,3.1,307,1013.1,,,0.4,5.6,146,,0.69,,310,,1.34,
Vector_WRA_FB_46759A,"2021-10-21 08:00:00",,2.4,277,1013.6,,,0.5,5.8,135,,0.45,,318,,0.88,
Vector_WRA_FB_46759A,"2021-10-21 09:00:00",,3.8,267,1013.9,,,0.5,6.1,123,,0.15,,294,,0.29,
Vector_WRA_FB_46759A,"2021-10-21 10:00:00",,4.5,251,1013.8,,,0.5,5.5,135,,0.09,,52,,0.18,
Vector_WRA_FB_46759A,"2021-10-21 11:00:00",,5.3,252,1013.1,,,0.5,5.4,146,,0.27,,81,,0.52,
Vector_WRA_FB_46759A,"2021-10-21 12:00:00",,6.8,245,1012.2,,,0.5,5.1,135,,0.41,,95,,0.8,
Vector_WRA_FB_46759A,"2021-10-21 13:00:00",,7.9,256,1011.6,,,0.4,4.3,146,,0.57,,96,,1.1,
Vector_WRA_FB_46759A,"2021-10-21 14:00:00",,8.5,277,1011.1,,,0.5,4.7,123,,0.46,,98,,0.9,
Vector_WRA_FB_46759A,"2021-10-21 15:00:00",,7.5,293,1011,,,0.4,4.4,168,,0.33,,96,,0.63,
Vector_WRA_FB_46759A,"2021-10-21 16:00:00",,6.2,301,1011.3,,,0.5,4.1,146,,0.05,,48,,0.09,
Vector_WRA_FB_46759A,"2021-10-21 17:00:00",,5.6,303,1011.4,,,0.4,4.4,225,,0.21,,291,,0.4,
Vector_WRA_FB_46759A,"2021-10-21 18:00:00",,2.9,348,1012.2,,,0.4,4.3,247,,0.4,,291,,0.77,
Vector_WRA_FB_46759A,"2021-10-21 19:00:00",,4.6,36,1012.9,,,0.6,5.4,236,,0.47,,296,,0.92,
Vector_WRA_FB_46759A,"2021-10-21 20:00:00",,4.9,38,1013.7,,,0.5,6.2,135,,0.37,,301,,0.71,
Vector_WRA_FB_46759A,"2021-10-21 21:00:00",,7.4,29,1014.5,,,0.5,5.8,258,,0.18,,288,,0.36,
Vector_WRA_FB_46759A,"2021-10-21 22:00:00",,8.9,45,1014,,,0.5,5.4,258,,0.14,,167,,0.28,
Vector_WRA_FB_46759A,"2021-10-21 23:00:00",,11.4,46,1014,,,0.5,4.9,258,,0.21,,125,,0.4,
Vector_WRA_FB_46759A,"2021-10-22 00:00:00",,11.4,44,1013.2,,,0.5,4.6,146,,0.49,,120,,0.96,
Vector_WRA_FB_46759A,"2021-10-22 01:00:00",,10.4,38,1013.2,,,0.4,4.2,45,,0.55,,110,,1.07,
Vector_WRA_FB_46759A,"2021-10-22 02:00:00",,10.9,37,1012.6,,,0.3,4.2,157,,0.48,,118,,0.94,
Vector_WRA_FB_46759A,"2021-10-22 03:00:00",,10.8,38,1012.6,,,0.3,5.3,225,,0.17,,122,,0.32,
Vector_WRA_FB_46759A,"2021-10-22 04:00:00",,12.4,46,1013,,,0.3,5.6,258,,0.22,,251,,0.44,
Vector_WRA_FB_46759A,"2021-10-22 05:00:00",,12.7,43,1013.2,,,0.3,5.8,168,,0.67,,269,,1.3,
Vector_WRA_FB_46759A,"2021-10-22 06:00:00",,12.1,36,1013.7,,,0.3,5.3,146,,0.96,,298,,1.87,
Vector_WRA_FB_46759A,"2021-10-22 07:00:00",,11.9,41,1014.6,,,0.4,4.3,236,,1.06,,306,,2.07,
Vector_WRA_FB_46759A,"2021-10-22 08:00:00",,11.8,37,1015.3,,,0.4,5.4,247,,0.99,,307,,1.92,
Vector_WRA_FB_46759A,"2021-10-22 09:00:00",,12.4,32,1015.6,,,0.4,3.8,225,,0.63,,307,,1.23,
Vector_WRA_FB_46759A,"2021-10-22 10:00:00",,13.5,44,1015.5,,,0.5,5.3,123,,0.31,,313,,0.6,
Vector_WRA_FB_46759A,"2021-10-22 11:00:00",,13.4,47,1015.2,,,0.5,4.2,45,,0.16,,344,,0.3,
Vector_WRA_FB_46759A,"2021-10-22 12:00:00",,13.7,48,1014.2,,,0.5,3.7,45,,0.05,,346,,0.1,
Vector_WRA_FB_46759A,"2021-10-22 13:00:00",,13.9,49,1014.1,,,0.6,3.6,45,,0.03,,328,,0.06,
Vector_WRA_FB_46759A,"2021-10-22 14:00:00",,13.5,43,1014,,,0.6,4.2,258,,0.05,,29,,0.1,
Vector_WRA_FB_46759A,"2021-10-22 15:00:00",,13.8,44,1014.4,,,0.5,3.8,45,,0.03,,298,,0.05,
Vector_WRA_FB_46759A,"2021-10-22 16:00:00",,13.7,41,1014.4,,,0.5,3.6,33,,0.22,,286,,0.43,
Vector_WRA_FB_46759A,"2021-10-22 17:00:00",,15.9,47,1014.6,,,,,,,0.33,,275,,0.64,
Vector_WRA_FB_46759A,"2021-10-22 18:00:00",,15.8,47,1015,,,0.4,3.3,56,,0.41,,278,,0.8,
Vector_WRA_FB_46759A,"2021-10-22 19:00:00",,15.6,44,1015.7,,,0.5,3.7,33,,0.5,,291,,0.98,
Vector_WRA_FB_46759A,"2021-10-22 20:00:00",,15.8,41,1016.3,,,0.6,3.3,33,,0.44,,288,,0.85,
Vector_WRA_FB_46759A,"2021-10-22 21:00:00",,14.6,40,1016.6,,,0.5,3.5,45,,0.24,,295,,0.46,
Vector_WRA_FB_46759A,"2021-10-22 22:00:00",,15.6,47,1016.8,,,0.6,3.3,45,,0.11,,44,,0.21,
Vector_WRA_FB_46759A,"2021-10-22 23:00:00",,16.1,41,1016,,,0.6,3.3,56,,0.2,,104,,0.39,
Vector_WRA_FB_46759A,"2021-10-23 00:00:00",,15.1,42,1016,,,0.6,3.7,45,,0.4,,115,,0.77,
Vector_WRA_FB_46759A,"2021-10-23 01:00:00",,15.2,39,1015.4,,,0.6,3.1,45,,0.52,,119,,1,
Vector_WRA_FB_46759A,"2021-10-23 02:00:00",,15.6,37,1014.9,,,0.6,3.2,45,,0.56,,123,,1.09,
Vector_WRA_FB_46759A,"2021-10-23 03:00:00",,15.4,41,1014.7,,,0.6,3.2,45,,0.35,,127,,0.69,
Vector_WRA_FB_46759A,"2021-10-23 04:00:00",,16,40,1014.4,,,0.7,3.7,45,,0.2,,216,,0.39,
Vector_WRA_FB_46759A,"2021-10-23 05:00:00",,15.2,42,1015.4,,,0.5,3.9,33,,0.51,,264,,0.98,
Vector_WRA_FB_46759A,"2021-10-23 06:00:00",,16.7,42,1016.3,,,,,,,0.88,,283,,1.71,
Vector_WRA_FB_46759A,"2021-10-23 07:00:00",,16.4,39,1016.8,,,0.9,3.6,33,,0.79,,305,,1.54,
Vector_WRA_FB_46759A,"2021-10-23 08:00:00",,15.9,42,1016.5,,,0.9,4.2,146,,0.3,,305,,0.59,
Vector_WRA_FB_46759A,"2021-10-23 09:00:00",,18.2,50,1015.9,,,1.1,4,56,,0.08,,193,,0.15,
Vector_WRA_FB_46759A,"2021-10-23 10:00:00",,18.1,50,1015.8,,,1.3,4.4,56,,0.23,,146,,0.44,
Vector_WRA_FB_46759A,"2021-10-23 11:00:00",,18.2,49,1014.9,,,1.4,4.3,56,,0.21,,133,,0.42,
Vector_WRA_FB_46759A,"2021-10-23 12:00:00",,17.3,49,1014.8,,,1.2,3.9,45,,0.31,,130,,0.61,
Vector_WRA_FB_46759A,"2021-10-23 13:00:00",,15,45,1015.2,,,0.9,4.1,45,,0.6,,135,,1.18,
Vector_WRA_FB_46759A,"2021-10-23 14:00:00",,14.9,45,1014.7,,,0.9,3.8,56,,0.75,,133,,1.46,
Vector_WRA_FB_46759A,"2021-10-23 15:00:00",,14.6,49,1014.5,,,0.8,4.2,56,,0.66,,132,,1.29,
Vector_WRA_FB_46759A,"2021-10-23 16:00:00",,14.2,48,1014.4,,,0.7,3.6,45,,0.6,,133,,1.17,
Vector_WRA_FB_46759A,"2021-10-23 17:00:00",,15.2,46,1014.7,,,0.7,3.7,45,,0.46,,142,,0.9,
Vector_WRA_FB_46759A,"2021-10-23 18:00:00",,14.8,45,1015,,,0.6,3.3,56,,0.3,,148,,0.59,
Vector_WRA_FB_46759A,"2021-10-23 19:00:00",,14.5,46,1016.1,,,0.7,4.3,56,,0.29,,153,,0.57,
Vector_WRA_FB_46759A,"2021-10-23 20:00:00",,13.2,47,1016.9,,,0.6,4.7,112,,0.32,,161,,0.62,
Vector_WRA_FB_46759A,"2021-10-23 21:00:00",,14.9,47,1016.6,,,0.8,4.6,135,,0.32,,144,,0.62,
Vector_WRA_FB_46759A,"2021-10-23 22:00:00",,14.9,53,1016.8,,,1,5.2,123,,0.27,,153,,0.53,
Vector_WRA_FB_46759A,"2021-10-23 23:00:00",,14,47,1016.9,,,,,,,0.21,,146,,0.41,
Vector_WRA_FB_46759A,"2021-10-24 00:00:00",,11.8,41,1016.3,,,0.7,5.4,123,,0.33,,140,,0.64,
Vector_WRA_FB_46759A,"2021-10-24 01:00:00",,13.7,46,1015.5,,,0.7,4.8,135,,0.57,,117,,1.1,
Vector_WRA_FB_46759A,"2021-10-24 02:00:00",,12.8,47,1015.1,,,0.5,3.5,67,,0.62,,121,,1.21,
Vector_WRA_FB_46759A,"2021-10-24 03:00:00",,11.6,42,1015.1,,,0.6,4.5,135,,0.74,,108,,1.45,
Vector_WRA_FB_46759A,"2021-10-24 04:00:00",,10.4,39,1014.3,,,0.5,4.5,135,,0.44,,91,,0.85,
Vector_WRA_FB_46759A,"2021-10-24 05:00:00",,11.4,38,1013.9,,,0.6,4.4,168,,0.18,,53,,0.34,
Vector_WRA_FB_46759A,"2021-10-24 06:00:00",,11.3,43,1014.7,,,0.5,5.5,168,,0.33,,323,,0.63,
Vector_WRA_FB_46759A,"2021-10-24 07:00:00",,11,41,1015.2,,,0.5,5.6,135,,0.46,,288,,0.89,
Vector_WRA_FB_46759A,"2021-10-24 08:00:00",,10.5,44,1016,,,0.6,5.7,146,,0.32,,280,,0.62,
Vector_WRA_FB_46759A,"2021-10-24 09:00:00",,9.7,46,1016.2,,,0.6,6.2,146,,0.11,,260,,0.22,
Vector_WRA_FB_46759A,"2021-10-24 10:00:00",,10.3,43,1016.3,,,0.6,5.9,123,,0.06,,166,,0.11,
Vector_WRA_FB_46759A,"2021-10-24 11:00:00",,10.4,48,1015.6,,,0.9,5.6,135,,0.24,,109,,0.47,
Vector_WRA_FB_46759A,"2021-10-24 12:00:00",,9.9,45,1015.1,,,0.9,5.6,123,,0.38,,123,,0.73,
Vector_WRA_FB_46759A,"2021-10-24 13:00:00",,10.3,49,1014,,,1,5.7,123,,0.35,,122,,0.67,
Vector_WRA_FB_46759A,"2021-10-24 14:00:00",,11.1,47,1013.1,,,0.8,5.2,146,,0.4,,132,,0.77,
Vector_WRA_FB_46759A,"2021-10-24 15:00:00",,10.7,52,1013.3,,,1.1,6.2,135,,0.45,,135,,0.87,
Vector_WRA_FB_46759A,"2021-10-24 16:00:00",,9.8,46,1013.4,,,0.8,5.6,135,,0.29,,110,,0.57,
Vector_WRA_FB_46759A,"2021-10-24 17:00:00",,10.9,46,1013.9,,,0.8,6.2,135,,0.25,,119,,0.49,
Vector_WRA_FB_46759A,"2021-10-24 18:00:00",,10.6,45,1014.3,,,0.7,5.4,135,,0.18,,118,,0.36,
Vector_WRA_FB_46759A,"2021-10-24 19:00:00",,9.4,45,1014.4,,,0.6,5.4,135,,0.17,,145,,0.34,
Vector_WRA_FB_46759A,"2021-10-24 20:00:00",,11.2,43,1014.9,,,0.6,5.2,135,,0.17,,156,,0.33,
Vector_WRA_FB_46759A,"2021-10-24 21:00:00",,8.8,45,1015.1,,,0.7,5.9,123,,0.2,,138,,0.39,
Vector_WRA_FB_46759A,"2021-10-24 22:00:00",,10.2,46,1014.6,,,0.7,5.6,146,,0.3,,146,,0.59,
Vector_WRA_FB_46759A,"2021-10-24 23:00:00",,9.4,52,1014.4,,,0.6,5.7,123,,0.4,,132,,0.79,
Vector_WRA_FB_46759A,"2021-10-25 00:00:00",,8.7,47,1014.3,,,0.6,5.6,135,,0.62,,120,,1.2,
Vector_WRA_FB_46759A,"2021-10-25 01:00:00",,7.3,34,1014.3,,,0.7,5.9,135,,0.75,,112,,1.45,
Vector_WRA_FB_46759A,"2021-10-25 02:00:00",,10,36,1013.7,,,0.6,5.4,135,,0.79,,116,,1.53,
Vector_WRA_FB_46759A,"2021-10-25 03:00:00",,10.1,37,1012.9,,,0.5,5.6,135,,0.55,,103,,1.07,
Vector_WRA_FB_46759A,"2021-10-25 04:00:00",,11.4,37,1012.4,,,0.5,5.1,135,,0.31,,88,,0.61,
Vector_WRA_FB_46759A,"2021-10-25 05:00:00",,12.2,45,1012.1,,,0.4,4.6,157,,0.19,,306,,0.38,
Vector_WRA_FB_46759A,"2021-10-25 06:00:00",,10.9,41,1013.4,,,0.4,5.9,146,,0.5,,286,,0.97,
Vector_WRA_FB_46759A,"2021-10-25 07:00:00",,13.2,41,1013.3,,,0.4,4.9,191,,0.8,,280,,1.56,
Vector_WRA_FB_46759A,"2021-10-25 08:00:00",,13.2,45,1014.3,,,0.5,4.7,157,,1,,291,,1.95,
Vector_WRA_FB_46759A,"2021-10-25 09:00:00",,13.8,41,1014.6,,,0.5,4.7,225,,0.88,,292,,1.7,
Vector_WRA_FB_46759A,"2021-10-25 10:00:00",,11.1,37,1014.8,,,0.5,5.8,135,,0.61,,288,,1.19,
Vector_WRA_FB_46759A,"2021-10-25 11:00:00",,12.6,44,1014.1,,,0.6,5.7,146,,0.32,,261,,0.62,
Vector_WRA_FB_46759A,"2021-10-25 12:00:00",,12.4,52,1013.3,,,0.6,5.2,123,,0.21,,223,,0.4,
Vector_WRA_FB_46759A,"2021-10-25 13:00:00",,12.7,47,1012.5,,,0.6,5.5,213,,0.12,,245,,0.23,
Vector_WRA_FB_46759A,"2021-10-25 14:00:00",,13.5,51,1011.8,,,0.6,4.8,123,,0.17,,243,,0.33,
Vector_WRA_FB_46759A,"2021-10-25 15:00:00",,12.9,55,1011.8,,,0.6,4.8,157,,0.14,,240,,0.27,
Vector_WRA_FB_46759A,"2021-10-25 16:00:00",,13.7,54,1011.7,,,0.7,4.4,135,,0.16,,263,,0.31,
Vector_WRA_FB_46759A,"2021-10-25 17:00:00",,13.3,50,1011.8,,,0.6,4.5,123,,0.17,,280,,0.34,
Vector_WRA_FB_46759A,"2021-10-25 18:00:00",,13.7,49,1012.6,,,0.6,3.8,90,,0.17,,295,,0.32,
Vector_WRA_FB_46759A,"2021-10-25 19:00:00",,13.6,48,1012.5,,,0.5,4.4,123,,0.18,,297,,0.35,
Vector_WRA_FB_46759A,"2021-10-25 20:00:00",,13.2,47,1012.8,,,0.5,3.8,33,,0.18,,271,,0.35,
Vector_WRA_FB_46759A,"2021-10-25 21:00:00",,15.8,48,1013.2,,,0.6,3.5,45,,0.4,,279,,0.79,
Vector_WRA_FB_46759A,"2021-10-25 22:00:00",,15.5,52,1013.3,,,0.6,3.8,135,,0.14,,280,,0.27,
Vector_WRA_FB_46759A,"2021-10-25 23:00:00",,14.6,48,1013.4,,,,,,,0.05,,307,,0.1,
Vector_WRA_FB_46759A,"2021-10-26 00:00:00",,14.5,56,1013.4,,,0.6,3.5,67,,0.08,,100,,0.16,
Vector_WRA_FB_46759A,"2021-10-26 01:00:00",,15.1,50,1012.5,,,0.7,4,123,,0.31,,123,,0.6,
Vector_WRA_FB_46759A,"2021-10-26 02:00:00",,14.1,49,1012.2,,,0.7,4,123,,0.63,,118,,1.23,
Vector_WRA_FB_46759A,"2021-10-26 03:00:00",,13.5,49,1012.3,,,0.7,3.9,56,,0.65,,115,,1.26,
Vector_WRA_FB_46759A,"2021-10-26 04:00:00",,13.8,43,1011.7,,,0.5,3.8,45,,0.49,,113,,0.95,
Vector_WRA_FB_46759A,"2021-10-26 05:00:00",,12.8,43,1012.1,,,0.5,4.1,135,,0.21,,91,,0.4,
Vector_WRA_FB_46759A,"2021-10-26 06:00:00",,13.2,47,1013.3,,,0.5,4.7,157,,0.34,,282,,0.66,
Vector_WRA_FB_46759A,"2021-10-26 07:00:00",,14.7,45,1013.9,,,0.5,3.6,33,,0.68,,290,,1.31,
Vector_WRA_FB_46759A,"2021-10-26 08:00:00",,12.8,45,1014.5,,,0.5,5.5,247,,0.73,,299,,1.42,
Vector_WRA_FB_46759A,"2021-10-26 09:00:00",,11.6,44,1015.1,,,0.5,5,157,,0.62,,302,,1.2,
Vector_WRA_FB_46759A,"2021-10-26 10:00:00",,12.8,47,1015,,,0.5,4.8,157,,0.48,,294,,0.94,
Vector_WRA_FB_46759A,"2021-10-26 11:00:00",,13.5,52,1014.6,,,0.6,4.8,135,,0.34,,282,,0.66,
Vector_WRA_FB_46759A,"2021-10-26 12:00:00",,13.8,63,1013.5,,,0.7,4.9,157,,0.2,,277,,0.38,
Vector_WRA_FB_46759A,"2021-10-26 13:00:00",,13.1,59,1012.8,,,0.8,4.6,112,,0.16,,251,,0.32,
Vector_WRA_FB_46759A,"2021-10-26 14:00:00",,12.8,58,1012.2,,,0.6,4.4,135,,0.18,,276,,0.35,
Vector_WRA_FB_46759A,"2021-10-26 15:00:00",,12.5,63,1012.7,,,0.7,4.7,123,,0.04,,212,,0.07,
Vector_WRA_FB_46759A,"2021-10-26 16:00:00",,12.1,60,1012.9,,,0.6,4.6,135,,0.01,,0,,0.02,
Vector_WRA_FB_46759A,"2021-10-26 17:00:00",,11.4,64,1013.2,,,0.5,4.8,157,,0.13,,343,,0.25,
Vector_WRA_FB_46759A,"2021-10-26 18:00:00",,10.5,63,1013.8,,,0.5,5,146,,0.11,,34,,0.21,
Vector_WRA_FB_46759A,"2021-10-26 19:00:00",,10.6,60,1014.5,,,0.4,4.3,135,,0.08,,39,,0.16,
Vector_WRA_FB_46759A,"2021-10-26 20:00:00",,11.8,51,1014.8,,,0.5,4.5,146,,0.05,,86,,0.09,
Vector_WRA_FB_46759A,"2021-10-26 21:00:00",,10,62,1015.2,,,0.5,4.6,101,,0.13,,90,,0.25,
Vector_WRA_FB_46759A,"2021-10-26 22:00:00",,7.8,47,1015.3,,,0.5,4.8,146,,0.22,,101,,0.42,
Vector_WRA_FB_46759A,"2021-10-26 23:00:00",,6.1,48,1015.5,,,,,,,0.32,,105,,0.62,
Vector_WRA_FB_46759A,"2021-10-27 00:00:00",,6.5,43,1015.1,,,0.7,5.2,146,,0.44,,101,,0.86,
Vector_WRA_FB_46759A,"2021-10-27 01:00:00",,7.3,41,1015.1,,,0.7,5.6,157,,0.57,,109,,1.12,
Vector_WRA_FB_46759A,"2021-10-27 02:00:00",,8.5,45,1014.3,,,0.7,5.7,135,,0.67,,111,,1.3,
Vector_WRA_FB_46759A,"2021-10-27 03:00:00",,11.1,44,1013.7,,,0.8,4.9,135,,0.69,,115,,1.34,
Vector_WRA_FB_46759A,"2021-10-27 04:00:00",,9.7,54,1013.8,,,0.7,5.5,123,,0.54,,107,,1.05,
Vector_WRA_FB_46759A,"2021-10-27 05:00:00",,7.3,38,1014.6,,,0.6,5.4,146,,0.2,,85,,0.39,
Vector_WRA_FB_46759A,"2021-10-27 06:00:00",,6.1,31,1015.5,,,0.4,5,135,,0.14,,331,,0.27,
Vector_WRA_FB_46759A,"2021-10-27 07:00:00",,8.4,45,1015.9,,,0.4,5.4,180,,0.45,,298,,0.88,
Vector_WRA_FB_46759A,"2021-10-27 08:00:00",,11.4,44,1016.2,,,0.4,4.9,157,,0.73,,290,,1.42,
Vector_WRA_FB_46759A,"2021-10-27 09:00:00",,9.1,45,1017,,,0.4,5.1,168,,0.78,,291,,1.51,
Vector_WRA_FB_46759A,"2021-10-27 10:00:00",,7.1,49,1017.5,,,0.4,5.3,191,,0.6,,297,,1.16,
Vector_WRA_FB_46759A,"2021-10-27 11:00:00",,8,38,1016.9,,,0.4,5.6,157,,0.55,,301,,1.06,
Vector_WRA_FB_46759A,"2021-10-27 12:00:00",,9.9,43,1016,,,0.4,5.3,157,,0.49,,302,,0.95,
Vector_WRA_FB_46759A,"2021-10-27 13:00:00",,11.6,46,1015.1,,,0.4,4.9,191,,0.65,,319,,1.26,
Vector_WRA_FB_46759A,"2021-10-27 14:00:00",,13,48,1014.5,,,0.4,4.9,157,,0.57,,301,,1.11,
Vector_WRA_FB_46759A,"2021-10-27 15:00:00",,13.3,50,1013.8,,,0.4,5.1,168,,0.53,,265,,1.02,
Vector_WRA_FB_46759A,"2021-10-27 16:00:00",,13,55,1014.3,,,0.6,4.4,123,,0.47,,295,,0.91,
Vector_WRA_FB_46759A,"2021-10-27 17:00:00",,13.7,52,1014.4,,,0.6,5.3,123,,0.48,,292,,0.94,
Vector_WRA_FB_46759A,"2021-10-27 18:00:00",,12.9,51,1014.8,,,0.6,5,135,,0.44,,299,,0.85,
Vector_WRA_FB_46759A,"2021-10-27 19:00:00",,13,57,1015.2,,,0.7,5.3,123,,0.47,,304,,0.91,
Vector_WRA_FB_46759A,"2021-10-27 20:00:00",,12.7,62,1015.9,,,0.7,5.1,135,,0.41,,289,,0.8,
Vector_WRA_FB_46759A,"2021-10-27 21:00:00",,12.3,47,1016.1,,,0.6,5,135,,0.37,,309,,0.72,
Vector_WRA_FB_46759A,"2021-10-27 22:00:00",,11.4,46,1016.1,,,,,,,0.28,,309,,0.54,
Vector_WRA_FB_46759A,"2021-10-27 23:00:00",,10.1,48,1016.1,,,0.4,4.9,146,,0.22,,327,,0.42,
Vector_WRA_FB_46759A,"2021-10-28 00:00:00",,10.4,46,1015.4,,,0.4,5.6,135,,0.1,,30,,0.19,
Vector_WRA_FB_46759A,"2021-10-28 01:00:00",,11.3,62,1015.2,,,0.6,4.6,135,,0.22,,95,,0.43,
Vector_WRA_FB_46759A,"2021-10-28 02:00:00",,8.5,68,1015.6,,,0.6,5.3,123,,0.46,,126,,0.9,
Vector_WRA_FB_46759A,"2021-10-28 03:00:00",,7.2,33,1015.7,,,0.5,5.4,146,,0.7,,113,,1.37,
Vector_WRA_FB_46759A,"2021-10-28 04:00:00",,8.5,38,1015.1,,,0.5,5.6,157,,0.57,,113,,1.1,
Vector_WRA_FB_46759A,"2021-10-28 05:00:00",,10.8,44,1014.9,,,0.5,6,146,,0.24,,103,,0.47,
Vector_WRA_FB_46759A,"2021-10-28 06:00:00",,12.7,50,1015.5,,,0.4,5.4,123,,0.13,,262,,0.25,
Vector_WRA_FB_46759A,"2021-10-28 07:00:00",,12.9,43,1016.3,,,0.5,5.6,157,,0.42,,267,,0.83,
Vector_WRA_FB_46759A,"2021-10-28 08:00:00",,12.1,43,1017.4,,,0.4,6.4,146,,0.74,,275,,1.43,
Vector_WRA_FB_46759A,"2021-10-28 09:00:00",,12.6,40,1017.7,,,0.5,4.9,146,,0.83,,292,,1.62,
Vector_WRA_FB_46759A,"2021-10-28 10:00:00",,13.2,45,1017.6,,,0.5,5.2,168,,1.1,,290,,2.14,
Vector_WRA_FB_46759A,"2021-10-28 11:00:00",,13.2,42,1017,,,0.6,5,135,,1.06,,300,,2.06,
Vector_WRA_FB_46759A,"2021-10-28 12:00:00",,13.3,42,1016.4,,,0.7,5.7,135,,1.04,,301,,2.03,
Vector_WRA_FB_46759A,"2021-10-28 13:00:00",,13.2,41,1016,,,0.6,4.9,135,,1.01,,305,,1.96,
Vector_WRA_FB_46759A,"2021-10-28 14:00:00",,12.4,45,1015.4,,,0.6,5.4,135,,0.94,,297,,1.82,
Vector_WRA_FB_46759A,"2021-10-28 15:00:00",,12.8,44,1015.2,,,0.8,6.3,135,,0.86,,290,,1.67,
Vector_WRA_FB_46759A,"2021-10-28 16:00:00",,11.5,46,1015.7,,,0.8,6.4,135,,0.72,,294,,1.41,
Vector_WRA_FB_46759A,"2021-10-28 17:00:00",,12.4,44,1016.1,,,0.9,6.5,123,,0.62,,301,,1.21,
Vector_WRA_FB_46759A,"2021-10-28 18:00:00",,12.1,42,1016.8,,,0.6,6.1,135,,0.59,,308,,1.15,
Vector_WRA_FB_46759A,"2021-10-28 19:00:00",,11.8,37,1017.2,,,0.5,5.6,135,,0.45,,306,,0.88,
Vector_WRA_FB_46759A,"2021-10-28 20:00:00",,10.8,42,1017.3,,,0.5,4.6,135,,0.37,,326,,0.72,
Vector_WRA_FB_46759A,"2021-10-28 21:00:00",,11.6,46,1017.4,,,0.6,5.6,123,,0.06,,2,,0.11,
Vector_WRA_FB_46759A,"2021-10-28 22:00:00",,12,50,1017.1,,,0.6,5.6,135,,0.11,,115,,0.22,
Vector_WRA_FB_46759A,"2021-10-28 23:00:00",,10.9,47,1016.8,,,0.6,5.7,146,,0.29,,112,,0.56,
Vector_WRA_FB_46759A,"2021-10-29 00:00:00",,10.5,47,1017.2,,,0.6,5.9,135,,0.39,,148,,0.75,
Vector_WRA_FB_46759A,"2021-10-29 01:00:00",,10.6,44,1016.4,,,0.6,6.6,202,,0.6,,124,,1.16,
Vector_WRA_FB_46759A,"2021-10-29 02:00:00",,10.9,45,1016.1,,,0.4,5.1,157,,0.63,,111,,1.23,
Vector_WRA_FB_46759A,"2021-10-29 03:00:00",,10.1,41,1015.9,,,0.6,6.3,168,,0.51,,123,,0.99,
Vector_WRA_FB_46759A,"2021-10-29 04:00:00",,10.7,44,1015.4,,,0.5,6.4,157,,0.35,,108,,0.67,
Vector_WRA_FB_46759A,"2021-10-29 05:00:00",,11.4,39,1015.5,,,0.6,6.5,146,,0.11,,73,,0.21,
Vector_WRA_FB_46759A,"2021-10-29 06:00:00",,10.7,48,1016.7,,,0.5,6.5,135,,0.18,,302,,0.35,
Vector_WRA_FB_46759A,"2021-10-29 07:00:00",,11.4,41,1017.3,,,0.3,5.6,135,,0.33,,286,,0.65,
Vector_WRA_FB_46759A,"2021-10-29 08:00:00",,12.3,43,1017.7,,,0.3,5.9,135,,0.58,,270,,1.14,
Vector_WRA_FB_46759A,"2021-10-29 09:00:00",,11.4,45,1018.5,,,0.6,6.7,135,,0.76,,288,,1.47,
Vector_WRA_FB_46759A,"2021-10-29 10:00:00",,9.9,41,1018.3,,,0.4,5.3,146,,0.73,,296,,1.41,
Vector_WRA_FB_46759A,"2021-10-29 11:00:00",,11.7,41,1017.7,,,0.3,5.2,168,,0.78,,305,,1.51,
Vector_WRA_FB_46759A,"2021-10-29 12:00:00",,10.7,41,1016.6,,,0.2,5,157,,0.53,,281,,1.03,
Vector_WRA_FB_46759A,"2021-10-29 13:00:00",,10.2,58,1015.4,,,0.3,5.9,78,,0.22,,167,,0.43,
Vector_WRA_FB_46759A,"2021-10-29 14:00:00",,10.8,50,1015,,,0.4,5.6,157,,0.3,,155,,0.59,
Vector_WRA_FB_46759A,"2021-10-29 15:00:00",,10.9,54,1015,,,0.5,5.4,157,,0.29,,145,,0.55,
Vector_WRA_FB_46759A,"2021-10-29 16:00:00",,10.3,51,1015.1,,,0.4,5.2,157,,0.11,,198,,0.21,
Vector_WRA_FB_46759A,"2021-10-29 17:00:00",,10,54,1015.6,,,,,,,0.61,,289,,1.19,
Vector_WRA_FB_46759A,"2021-10-29 18:00:00",,8.7,45,1016.7,,,0.5,5.2,180,,0.82,,308,,1.6,
Vector_WRA_FB_46759A,"2021-10-29 19:00:00",,9.7,48,1017,,,0.3,5.2,146,,0.88,,302,,1.72,
Vector_WRA_FB_46759A,"2021-10-29 20:00:00",,8.9,54,1017.5,,,0.4,5.2,135,,0.81,,307,,1.57,
Vector_WRA_FB_46759A,"2021-10-29 21:00:00",,7.5,37,1017.8,,,0.3,5,202,,0.65,,310,,1.26,
Vector_WRA_FB_46759A,"2021-10-29 22:00:00",,7.3,38,1017.3,,,0.4,5.4,135,,0.56,,310,,1.08,
Vector_WRA_FB_46759A,"2021-10-29 23:00:00",,6.1,31,1017.6,,,0.3,5.1,123,,0.49,,314,,0.96,
Vector_WRA_FB_46759A,"2021-10-30 00:00:00",,6.8,33,1017.6,,,0.3,5.4,135,,0.25,,308,,0.49,
Vector_WRA_FB_46759A,"2021-10-30 01:00:00",,6.9,34,1017.2,,,0.4,5.8,135,,0.21,,329,,0.4,
Vector_WRA_FB_46759A,"2021-10-30 02:00:00",,8.7,47,1016.4,,,0.5,5.6,135,,0.11,,56,,0.21,
Vector_WRA_FB_46759A,"2021-10-30 03:00:00",,9.6,51,1016,,,0.4,5.2,135,,0.21,,80,,0.41,
Vector_WRA_FB_46759A,"2021-10-30 04:00:00",,8.9,46,1015.9,,,0.4,5.1,146,,0.21,,105,,0.41,
Vector_WRA_FB_46759A,"2021-10-30 05:00:00",,8.5,46,1016.5,,,0.4,5.4,157,,0.21,,125,,0.4,
Vector_WRA_FB_46759A,"2021-10-30 06:00:00",,7.2,41,1017.2,,,0.4,5.4,157,,0.22,,98,,0.42,
Vector_WRA_FB_46759A,"2021-10-30 07:00:00",,7.2,38,1017.8,,,0.5,5.1,146,,0.16,,92,,0.31,
Vector_WRA_FB_46759A,"2021-10-30 08:00:00",,7.6,44,1018.4,,,0.4,5.3,146,,0.04,,343,,0.09,
Vector_WRA_FB_46759A,"2021-10-30 09:00:00",,9.4,50,1018.5,,,0.3,5.3,123,,0.14,,265,,0.27,
Vector_WRA_FB_46759A,"2021-10-30 10:00:00",,8.7,53,1018.2,,,0.4,6.1,123,,0.19,,256,,0.37,
Vector_WRA_FB_46759A,"2021-10-30 11:00:00",,8.5,43,1018,,,0.3,5.7,123,,0.45,,284,,0.87,
Vector_WRA_FB_46759A,"2021-10-30 12:00:00",,7.4,46,1017.4,,,0.3,5.7,135,,0.32,,309,,0.62,
Vector_WRA_FB_46759A,"2021-10-30 13:00:00",,6.8,45,1016.9,,,0.2,5.7,146,,0.21,,255,,0.42,
Vector_WRA_FB_46759A,"2021-10-30 14:00:00",,6.3,54,1016.3,,,0.4,6.7,146,,0.28,,163,,0.55,
Vector_WRA_FB_46759A,"2021-10-30 15:00:00",,7.3,44,1016.2,,,0.4,5.9,157,,0.46,,139,,0.9,
Vector_WRA_FB_46759A,"2021-10-30 16:00:00",,6.5,42,1016.5,,,0.5,6.1,157,,0.72,,127,,1.4,
Vector_WRA_FB_46759A,"2021-10-30 17:00:00",,6.5,39,1016.7,,,0.8,5.9,135,,0.53,,131,,1.03,
Vector_WRA_FB_46759A,"2021-10-30 18:00:00",,5.1,44,1017,,,0.6,5.3,135,,0.5,,127,,0.97,
Vector_WRA_FB_46759A,"2021-10-30 19:00:00",,5.7,43,1017.6,,,0.7,5.3,146,,0.57,,127,,1.11,
Vector_WRA_FB_46759A,"2021-10-30 20:00:00",,6.2,43,1018.2,,,0.5,5.7,135,,0.41,,137,,0.79,
Vector_WRA_FB_46759A,"2021-10-30 21:00:00",,8.8,48,1018,,,0.5,6.3,112,,0.37,,146,,0.73,
Vector_WRA_FB_46759A,"2021-10-30 22:00:00",,9.3,49,1017.8,,,0.4,5.6,123,,0.75,,120,,1.45,
Vector_WRA_FB_46759A,"2021-10-30 23:00:00",,11.1,49,1016.9,,,0.5,4.4,146,,0.66,,112,,1.28,
Vector_WRA_FB_46759A,"2021-10-31 00:00:00",,11.2,46,1016.5,,,0.6,4,135,,0.42,,100,,0.82,
Vector_WRA_FB_46759A,"2021-10-31 01:00:00",,8.9,51,1016.4,,,0.4,4.5,123,,0.25,,92,,0.49,
Vector_WRA_FB_46759A,"2021-10-31 02:00:00",,8.4,42,1016.5,,,0.4,4.9,135,,0.12,,102,,0.23,
Vector_WRA_FB_46759A,"2021-10-31 03:00:00",,6.2,28,1016.4,,,0.5,6,112,,0.06,,78,,0.12,
Vector_WRA_FB_46759A,"2021-10-31 04:00:00",,8.5,34,1016.3,,,0.5,5.6,123,,0.03,,352,,0.05,
Vector_WRA_FB_46759A,"2021-10-31 05:00:00",,8.2,38,1016.4,,,0.5,6,146,,0.02,,256,,0.04,
Vector_WRA_FB_46759A,"2021-10-31 06:00:00",,8.4,40,1016.5,,,0.4,5.7,168,,0.07,,145,,0.14,
Vector_WRA_FB_46759A,"2021-10-31 07:00:00",,9.3,44,1017.3,,,0.6,6.4,123,,0.1,,136,,0.18,
Vector_WRA_FB_46759A,"2021-10-31 08:00:00",,12.4,49,1017.4,,,0.3,4.4,168,,0.09,,166,,0.17,
Vector_WRA_FB_46759A,"2021-10-31 09:00:00",,11,46,1017.7,,,0.3,5,180,,0.12,,237,,0.23,
Vector_WRA_FB_46759A,"2021-10-31 10:00:00",,11.5,45,1017.7,,,0.4,5.9,135,,0.2,,248,,0.38,
Vector_WRA_FB_46759A,"2021-10-31 11:00:00",,12.5,43,1017.3,,,0.5,6.5,157,,0.4,,264,,0.77,
Vector_WRA_FB_46759A,"2021-10-31 12:00:00",,11.4,43,1016.6,,,0.5,5.3,135,,0.51,,272,,0.99,
Vector_WRA_FB_46759A,"2021-10-31 13:00:00",,10.6,64,1016.3,,,0.4,5.3,135,,0.55,,298,,1.07,
Vector_WRA_FB_46759A,"2021-10-31 14:00:00",,9.2,40,1016,,,0.4,5.9,135,,0.48,,303,,0.92,
Vector_WRA_FB_46759A,"2021-10-31 15:00:00",,9,42,1015.3,,,0.5,6.5,135,,0.23,,190,,0.44,
Vector_WRA_FB_46759A,"2021-10-31 16:00:00",,8.7,45,1015.7,,,0.4,6.5,112,,0.17,,173,,0.34,
Vector_WRA_FB_46759A,"2021-10-31 17:00:00",,7.7,42,1016.4,,,0.5,6.3,146,,0.36,,157,,0.7,
Vector_WRA_FB_46759A,"2021-10-31 18:00:00",,8.3,48,1016.9,,,0.4,5.1,146,,0.12,,135,,0.23,
Vector_WRA_FB_46759A,"2021-10-31 19:00:00",,7,35,1017.8,,,0.5,5.1,168,,0.6,,303,,1.16,
Vector_WRA_FB_46759A,"2021-10-31 20:00:00",,8.6,45,1018.1,,,0.4,4.9,135,,0.77,,317,,1.49,
Vector_WRA_FB_46759A,"2021-10-31 21:00:00",,7.7,46,1018.6,,,0.4,5.8,135,,0.57,,305,,1.1,
Vector_WRA_FB_46759A,"2021-10-31 22:00:00",,9.1,39,1018.5,,,0.7,6.7,123,,0.49,,298,,0.96,
Vector_WRA_FB_46759A,"2021-10-31 23:00:00",,8.7,44,1018.3,,,0.5,5.5,123,,0.32,,306,,0.61,
